lag,d005,d010_SF2,d010,d020_long,d020
0,2.308740000000e-05,4.332920000000e-05,2.035940000000e-05,-1.059980000000e-05,-3.136300000000e-06
1,6.570910000000e-05,8.548120000000e-05,3.358000000000e-05,-1.934130000000e-05,-6.972500000000e-06
2,8.597470000000e-05,1.080324000000e-04,4.068440000000e-05,-1.963350000000e-05,-1.321400000000e-05
3,9.090840000000e-05,1.176857000000e-04,4.439110000000e-05,-1.832480000000e-05,-2.202220000000e-05
4,8.645550000000e-05,1.202605000000e-04,4.634350000000e-05,-1.901680000000e-05,-2.923500000000e-05
5,7.704090000000e-05,1.196192000000e-04,4.818150000000e-05,-2.019880000000e-05,-3.282070000000e-05
6,6.795130000000e-05,1.195003000000e-04,5.044510000000e-05,-2.126150000000e-05,-3.359090000000e-05
7,6.310430000000e-05,1.209215000000e-04,5.227000000000e-05,-2.269760000000e-05,-3.326530000000e-05
8,6.236320000000e-05,1.220638000000e-04,5.312220000000e-05,-2.374680000000e-05,-3.302040000000e-05
9,6.434510000000e-05,1.210504000000e-04,5.263190000000e-05,-2.343870000000e-05,-3.297500000000e-05
10,6.746690000000e-05,1.171882000000e-04,5.110880000000e-05,-2.198540000000e-05,-3.231070000000e-05
11,7.044830000000e-05,1.120421000000e-04,4.922770000000e-05,-1.997810000000e-05,-3.111150000000e-05
12,7.248800000000e-05,1.078508000000e-04,4.760330000000e-05,-1.812790000000e-05,-2.957910000000e-05
13,7.400180000000e-05,1.054865000000e-04,4.663980000000e-05,-1.680680000000e-05,-2.804430000000e-05
14,7.495680000000e-05,1.047858000000e-04,4.635360000000e-05,-1.602880000000e-05,-2.681050000000e-05
15,7.545360000000e-05,1.051937000000e-04,4.650740000000e-05,-1.565560000000e-05,-2.611150000000e-05
16,7.601230000000e-05,1.059610000000e-04,4.680870000000e-05,-1.533880000000e-05,-2.593800000000e-05
17,7.672150000000e-05,1.067619000000e-04,4.707890000000e-05,-1.489130000000e-05,-2.608390000000e-05
18,7.757120000000e-05,1.074210000000e-04,4.729030000000e-05,-1.444200000000e-05,-2.639850000000e-05
19,7.872810000000e-05,1.079014000000e-04,4.747620000000e-05,-1.405050000000e-05,-2.681580000000e-05
20,7.969170000000e-05,1.083140000000e-04,4.768250000000e-05,-1.372070000000e-05,-2.711210000000e-05
21,8.043200000000e-05,1.087331000000e-04,4.795230000000e-05,-1.344750000000e-05,-2.726740000000e-05
22,8.088980000000e-05,1.091746000000e-04,4.830100000000e-05,-1.322860000000e-05,-2.733440000000e-05
23,8.109750000000e-05,1.096011000000e-04,4.868030000000e-05,-1.305620000000e-05,-2.736210000000e-05
24,8.108600000000e-05,1.100218000000e-04,4.907660000000e-05,-1.289510000000e-05,-2.740080000000e-05
25,8.082620000000e-05,1.103453000000e-04,4.946570000000e-05,-1.274050000000e-05,-2.743340000000e-05
26,8.032060000000e-05,1.105104000000e-04,4.984970000000e-05,-1.256990000000e-05,-2.747560000000e-05
27,7.952550000000e-05,1.105157000000e-04,5.021080000000e-05,-1.238260000000e-05,-2.755000000000e-05
28,7.851410000000e-05,1.107569000000e-04,5.049670000000e-05,-1.218260000000e-05,-2.764050000000e-05
29,7.733110000000e-05,1.106984000000e-04,5.065290000000e-05,-1.196510000000e-05,-2.770110000000e-05
30,7.614720000000e-05,1.106496000000e-04,5.073560000000e-05,-1.174450000000e-05,-2.770760000000e-05
31,7.513010000000e-05,1.102995000000e-04,5.066060000000e-05,-1.154890000000e-05,-2.766180000000e-05
32,7.436220000000e-05,1.098508000000e-04,5.058120000000e-05,-1.138660000000e-05,-2.757850000000e-05
33,7.396020000000e-05,1.093339000000e-04,5.051770000000e-05,-1.125570000000e-05,-2.747070000000e-05
34,7.381710000000e-05,1.088843000000e-04,5.044530000000e-05,-1.118830000000e-05,-2.702640000000e-05
35,7.394910000000e-05,1.086137000000e-04,5.056210000000e-05,-1.122450000000e-05,-2.638930000000e-05
36,7.429840000000e-05,1.085496000000e-04,5.123110000000e-05,-1.140520000000e-05,-2.579290000000e-05
37,7.509270000000e-05,1.087660000000e-04,5.172640000000e-05,-1.172860000000e-05,-2.563660000000e-05
38,7.596130000000e-05,1.091104000000e-04,5.184040000000e-05,-1.210640000000e-05,-2.573490000000e-05
39,7.650180000000e-05,1.096879000000e-04,5.188010000000e-05,-1.253330000000e-05,-2.605100000000e-05
40,7.694320000000e-05,1.103621000000e-04,5.179750000000e-05,-1.300090000000e-05,-2.664370000000e-05
41,7.734180000000e-05,1.112561000000e-04,5.167200000000e-05,-1.345710000000e-05,-2.752490000000e-05
42,7.754780000000e-05,1.123806000000e-04,5.164470000000e-05,-1.410190000000e-05,-2.853290000000e-05
43,7.764690000000e-05,1.131824000000e-04,5.171750000000e-05,-1.479270000000e-05,-2.952770000000e-05
44,7.765230000000e-05,1.136929000000e-04,5.195320000000e-05,-1.528620000000e-05,-3.050060000000e-05
45,7.762290000000e-05,1.139341000000e-04,5.233230000000e-05,-1.552160000000e-05,-3.140160000000e-05
46,7.763360000000e-05,1.140369000000e-04,5.276680000000e-05,-1.555300000000e-05,-3.217350000000e-05
47,7.772710000000e-05,1.140820000000e-04,5.319690000000e-05,-1.535980000000e-05,-3.275650000000e-05
48,7.791520000000e-05,1.140114000000e-04,5.358930000000e-05,-1.499860000000e-05,-3.315100000000e-05
49,7.815700000000e-05,1.140148000000e-04,5.393540000000e-05,-1.450170000000e-05,-3.339100000000e-05
50,7.843360000000e-05,1.140528000000e-04,5.423880000000e-05,-1.398260000000e-05,-3.353770000000e-05
51,7.872700000000e-05,1.141480000000e-04,5.450630000000e-05,-1.352260000000e-05,-3.365100000000e-05
52,7.899680000000e-05,1.143073000000e-04,5.474350000000e-05,-1.320050000000e-05,-3.375780000000e-05
53,7.925120000000e-05,1.145126000000e-04,5.495140000000e-05,-1.302190000000e-05,-3.384900000000e-05
54,7.951690000000e-05,1.147374000000e-04,5.513930000000e-05,-1.295850000000e-05,-3.394270000000e-05
55,7.976420000000e-05,1.149598000000e-04,5.528000000000e-05,-1.299440000000e-05,-3.405670000000e-05
56,7.999410000000e-05,1.151666000000e-04,5.538860000000e-05,-1.308690000000e-05,-3.419650000000e-05
57,8.018560000000e-05,1.153661000000e-04,5.546260000000e-05,-1.326160000000e-05,-3.434260000000e-05
58,8.035540000000e-05,1.155149000000e-04,5.549250000000e-05,-1.346420000000e-05,-3.450260000000e-05
59,8.051230000000e-05,1.156200000000e-04,5.548270000000e-05,-1.366260000000e-05,-3.467130000000e-05
60,8.065830000000e-05,1.157202000000e-04,5.545100000000e-05,-1.386240000000e-05,-3.482800000000e-05
61,8.079280000000e-05,1.158259000000e-04,5.542840000000e-05,-1.403800000000e-05,-3.495410000000e-05
62,8.090830000000e-05,1.159192000000e-04,5.542580000000e-05,-1.420230000000e-05,-3.506360000000e-05
63,8.102160000000e-05,1.160240000000e-04,5.546570000000e-05,-1.433900000000e-05,-3.516470000000e-05
64,8.115080000000e-05,1.161665000000e-04,5.555260000000e-05,-1.444680000000e-05,-3.525320000000e-05
65,8.129050000000e-05,1.163318000000e-04,5.567100000000e-05,-1.451840000000e-05,-3.533880000000e-05
66,8.145270000000e-05,1.165289000000e-04,5.582640000000e-05,-1.456500000000e-05,-3.543320000000e-05
67,8.164150000000e-05,1.167586000000e-04,5.602150000000e-05,-1.458940000000e-05,-3.553690000000e-05
68,8.184780000000e-05,1.169990000000e-04,5.624510000000e-05,-1.459870000000e-05,-3.565840000000e-05
69,8.205220000000e-05,1.172065000000e-04,5.647640000000e-05,-1.460390000000e-05,-3.579970000000e-05
70,8.223440000000e-05,1.173931000000e-04,5.668000000000e-05,-1.460890000000e-05,-3.596220000000e-05
71,8.238270000000e-05,1.175691000000e-04,5.687070000000e-05,-1.461500000000e-05,-3.614050000000e-05
72,8.249810000000e-05,1.177293000000e-04,5.705070000000e-05,-1.462800000000e-05,-3.632570000000e-05
73,8.259320000000e-05,1.178663000000e-04,5.721680000000e-05,-1.465320000000e-05,-3.651140000000e-05
74,8.268680000000e-05,1.179754000000e-04,5.736400000000e-05,-1.469080000000e-05,-3.669410000000e-05
75,8.279760000000e-05,1.180594000000e-04,5.748710000000e-05,-1.474050000000e-05,-3.687010000000e-05
76,8.293780000000e-05,1.181220000000e-04,5.758550000000e-05,-1.480150000000e-05,-3.703700000000e-05
77,8.311050000000e-05,1.181841000000e-04,5.766390000000e-05,-1.486850000000e-05,-3.719310000000e-05
78,8.330920000000e-05,1.182713000000e-04,5.772920000000e-05,-1.493500000000e-05,-3.733990000000e-05
79,8.352240000000e-05,1.183904000000e-04,5.778950000000e-05,-1.499560000000e-05,-3.748060000000e-05
80,8.373770000000e-05,1.185350000000e-04,5.785270000000e-05,-1.504770000000e-05,-3.761940000000e-05
81,8.394570000000e-05,1.186926000000e-04,5.792560000000e-05,-1.509080000000e-05,-3.776050000000e-05
82,8.414190000000e-05,1.188525000000e-04,5.801290000000e-05,-1.512670000000e-05,-3.790640000000e-05
83,8.432650000000e-05,1.190077000000e-04,5.811630000000e-05,-1.515810000000e-05,-3.805780000000e-05
84,8.450170000000e-05,1.191538000000e-04,5.823420000000e-05,-1.518730000000e-05,-3.821370000000e-05
85,8.466990000000e-05,1.192883000000e-04,5.836310000000e-05,-1.521580000000e-05,-3.837150000000e-05
86,8.483260000000e-05,1.194104000000e-04,5.849820000000e-05,-1.524440000000e-05,-3.852830000000e-05
87,8.498880000000e-05,1.195202000000e-04,5.863390000000e-05,-1.527340000000e-05,-3.868170000000e-05
88,8.513740000000e-05,1.196197000000e-04,5.876600000000e-05,-1.530340000000e-05,-3.882980000000e-05
89,8.527720000000e-05,1.197118000000e-04,5.889110000000e-05,-1.533620000000e-05,-3.897190000000e-05
90,8.540900000000e-05,1.198004000000e-04,5.900760000000e-05,-1.537390000000e-05,-3.910800000000e-05
91,8.553630000000e-05,1.198903000000e-04,5.911550000000e-05,-1.541790000000e-05,-3.923840000000e-05
92,8.566470000000e-05,1.199859000000e-04,5.921550000000e-05,-1.546870000000e-05,-3.936430000000e-05
93,8.580110000000e-05,1.200910000000e-04,5.930890000000e-05,-1.552460000000e-05,-3.948700000000e-05
94,8.595160000000e-05,1.202083000000e-04,5.939790000000e-05,-1.558280000000e-05,-3.960810000000e-05
95,8.611950000000e-05,1.203383000000e-04,5.948430000000e-05,-1.564000000000e-05,-3.972970000000e-05
96,8.630430000000e-05,1.204800000000e-04,5.957050000000e-05,-1.569380000000e-05,-3.985300000000e-05
97,8.650120000000e-05,1.206300000000e-04,5.965830000000e-05,-1.574330000000e-05,-3.997900000000e-05
98,8.670230000000e-05,1.207834000000e-04,5.974920000000e-05,-1.578900000000e-05,-4.010770000000e-05
99,8.689840000000e-05,1.209343000000e-04,5.984430000000e-05,-1.583250000000e-05,-4.023780000000e-05
100,8.708100000000e-05,1.210762000000e-04,5.994320000000e-05,-1.587560000000e-05,-4.036780000000e-05
101,8.724440000000e-05,1.212037000000e-04,6.004530000000e-05,-1.591890000000e-05,-4.049570000000e-05
102,8.738680000000e-05,1.213132000000e-04,6.014870000000e-05,-1.596290000000e-05,-4.062010000000e-05
103,8.751130000000e-05,1.214041000000e-04,6.025180000000e-05,-1.600730000000e-05,-4.074040000000e-05
104,8.762470000000e-05,1.214793000000e-04,6.035280000000e-05,-1.605220000000e-05,-4.085700000000e-05
105,8.773550000000e-05,1.215447000000e-04,6.045100000000e-05,-1.609780000000e-05,-4.097100000000e-05
106,8.785230000000e-05,1.216084000000e-04,6.054640000000e-05,-1.614530000000e-05,-4.108390000000e-05
107,8.798120000000e-05,1.216779000000e-04,6.063950000000e-05,-1.619500000000e-05,-4.119790000000e-05
108,8.812400000000e-05,1.217591000000e-04,6.073100000000e-05,-1.624730000000e-05,-4.131500000000e-05
109,8.827960000000e-05,1.218553000000e-04,6.082190000000e-05,-1.630130000000e-05,-4.143650000000e-05
110,8.844350000000e-05,1.219651000000e-04,6.091230000000e-05,-1.635500000000e-05,-4.156370000000e-05
111,8.861050000000e-05,1.220850000000e-04,6.100270000000e-05,-1.640670000000e-05,-4.169640000000e-05
112,8.877530000000e-05,1.222087000000e-04,6.109260000000e-05,-1.645450000000e-05,-4.183310000000e-05
113,8.893370000000e-05,1.223298000000e-04,6.118200000000e-05,-1.649750000000e-05,-4.197140000000e-05
114,8.908300000000e-05,1.224424000000e-04,6.127040000000e-05,-1.653550000000e-05,-4.210790000000e-05
115,8.922210000000e-05,1.225428000000e-04,6.135750000000e-05,-1.656940000000e-05,-4.223920000000e-05
116,8.935120000000e-05,1.226295000000e-04,6.144270000000e-05,-1.660000000000e-05,-4.236260000000e-05
117,8.947300000000e-05,1.227043000000e-04,6.152560000000e-05,-1.662830000000e-05,-4.247690000000e-05
118,8.959170000000e-05,1.227709000000e-04,6.160620000000e-05,-1.665590000000e-05,-4.258240000000e-05
119,8.971280000000e-05,1.228351000000e-04,6.168500000000e-05,-1.668440000000e-05,-4.268150000000e-05
120,8.984110000000e-05,1.229032000000e-04,6.176320000000e-05,-1.671540000000e-05,-4.277760000000e-05
121,8.997940000000e-05,1.229806000000e-04,6.184240000000e-05,-1.675080000000e-05,-4.287460000000e-05
122,9.012730000000e-05,1.230709000000e-04,6.192400000000e-05,-1.679160000000e-05,-4.297650000000e-05
123,9.028220000000e-05,1.231751000000e-04,6.200900000000e-05,-1.683810000000e-05,-4.308560000000e-05
124,9.043950000000e-05,1.232911000000e-04,6.209720000000e-05,-1.688950000000e-05,-4.320290000000e-05
125,9.059490000000e-05,1.234147000000e-04,6.218770000000e-05,-1.694390000000e-05,-4.332740000000e-05
126,9.074500000000e-05,1.235398000000e-04,6.227820000000e-05,-1.699870000000e-05,-4.345670000000e-05
127,9.088810000000e-05,1.236600000000e-04,6.236640000000e-05,-1.705160000000e-05,-4.358710000000e-05
128,9.102330000000e-05,1.237690000000e-04,6.244990000000e-05,-1.710060000000e-05,-4.371480000000e-05
129,9.115030000000e-05,1.238626000000e-04,6.252710000000e-05,-1.714470000000e-05,-4.383630000000e-05
130,9.126920000000e-05,1.239389000000e-04,6.259730000000e-05,-1.718380000000e-05,-4.394900000000e-05
131,9.138080000000e-05,1.239982000000e-04,6.266110000000e-05,-1.721850000000e-05,-4.405210000000e-05
132,9.148680000000e-05,1.240438000000e-04,6.271990000000e-05,-1.725020000000e-05,-4.414600000000e-05
133,9.158970000000e-05,1.240805000000e-04,6.277600000000e-05,-1.728070000000e-05,-4.423270000000e-05
134,9.169300000000e-05,1.241143000000e-04,6.283190000000e-05,-1.731200000000e-05,-4.431500000000e-05
135,9.180040000000e-05,1.241515000000e-04,6.288970000000e-05,-1.734580000000e-05,-4.439600000000e-05
136,9.191460000000e-05,1.241971000000e-04,6.295090000000e-05,-1.738320000000e-05,-4.447890000000e-05
137,9.203770000000e-05,1.242550000000e-04,6.301630000000e-05,-1.742510000000e-05,-4.456600000000e-05
138,9.217010000000e-05,1.243272000000e-04,6.308570000000e-05,-1.747090000000e-05,-4.465900000000e-05
139,9.231090000000e-05,1.244137000000e-04,6.315860000000e-05,-1.752000000000e-05,-4.475820000000e-05
140,9.245750000000e-05,1.245126000000e-04,6.323440000000e-05,-1.757100000000e-05,-4.486350000000e-05
141,9.260650000000e-05,1.246203000000e-04,6.331240000000e-05,-1.762270000000e-05,-4.497360000000e-05
142,9.275300000000e-05,1.247319000000e-04,6.339170000000e-05,-1.767430000000e-05,-4.508680000000e-05
143,9.289250000000e-05,1.248418000000e-04,6.347140000000e-05,-1.772510000000e-05,-4.520150000000e-05
144,9.302140000000e-05,1.249444000000e-04,6.355010000000e-05,-1.777430000000e-05,-4.531530000000e-05
145,9.313820000000e-05,1.250353000000e-04,6.362650000000e-05,-1.782120000000e-05,-4.542640000000e-05
146,9.324420000000e-05,1.251115000000e-04,6.369900000000e-05,-1.786540000000e-05,-4.553280000000e-05
147,9.334260000000e-05,1.251722000000e-04,6.376660000000e-05,-1.790620000000e-05,-4.563320000000e-05
148,9.343750000000e-05,1.252186000000e-04,6.382880000000e-05,-1.794380000000e-05,-4.572690000000e-05
149,9.353280000000e-05,1.252541000000e-04,6.388590000000e-05,-1.797850000000e-05,-4.581430000000e-05
150,9.363090000000e-05,1.252831000000e-04,6.393910000000e-05,-1.801150000000e-05,-4.589640000000e-05
151,9.373250000000e-05,1.253105000000e-04,6.399010000000e-05,-1.804410000000e-05,-4.597540000000e-05
152,9.383690000000e-05,1.253405000000e-04,6.404060000000e-05,-1.807770000000e-05,-4.605360000000e-05
153,9.394320000000e-05,1.253765000000e-04,6.409240000000e-05,-1.811350000000e-05,-4.613360000000e-05
154,9.405060000000e-05,1.254204000000e-04,6.414650000000e-05,-1.815190000000e-05,-4.621710000000e-05
155,9.415940000000e-05,1.254725000000e-04,6.420360000000e-05,-1.819290000000e-05,-4.630530000000e-05
156,9.427040000000e-05,1.255323000000e-04,6.426370000000e-05,-1.823590000000e-05,-4.639830000000e-05
157,9.438450000000e-05,1.255982000000e-04,6.432650000000e-05,-1.828020000000e-05,-4.649520000000e-05
158,9.450190000000e-05,1.256685000000e-04,6.439150000000e-05,-1.832510000000e-05,-4.659450000000e-05
159,9.462190000000e-05,1.257411000000e-04,6.445780000000e-05,-1.837000000000e-05,-4.669470000000e-05
160,9.474210000000e-05,1.258139000000e-04,6.452440000000e-05,-1.841430000000e-05,-4.679440000000e-05
161,9.486010000000e-05,1.258851000000e-04,6.459040000000e-05,-1.845790000000e-05,-4.689250000000e-05
162,9.497360000000e-05,1.259529000000e-04,6.465470000000e-05,-1.850040000000e-05,-4.698840000000e-05
163,9.508110000000e-05,1.260160000000e-04,6.471650000000e-05,-1.854160000000e-05,-4.708190000000e-05
164,9.518290000000e-05,1.260735000000e-04,6.477540000000e-05,-1.858150000000e-05,-4.717330000000e-05
165,9.528040000000e-05,1.261253000000e-04,6.483170000000e-05,-1.862020000000e-05,-4.726280000000e-05
166,9.537530000000e-05,1.261718000000e-04,6.488590000000e-05,-1.865800000000e-05,-4.735060000000e-05
167,9.546950000000e-05,1.262141000000e-04,6.493870000000e-05,-1.869550000000e-05,-4.743710000000e-05
168,9.556360000000e-05,1.262535000000e-04,6.499070000000e-05,-1.873300000000e-05,-4.752260000000e-05
169,9.565810000000e-05,1.262917000000e-04,6.504240000000e-05,-1.877090000000e-05,-4.760730000000e-05
170,9.575290000000e-05,1.263298000000e-04,6.509400000000e-05,-1.880900000000e-05,-4.769150000000e-05
171,9.584860000000e-05,1.263694000000e-04,6.514560000000e-05,-1.884690000000e-05,-4.777530000000e-05
172,9.594580000000e-05,1.264111000000e-04,6.519710000000e-05,-1.888450000000e-05,-4.785900000000e-05
173,9.604580000000e-05,1.264556000000e-04,6.524900000000e-05,-1.892180000000e-05,-4.794260000000e-05
174,9.614890000000e-05,1.265031000000e-04,6.530130000000e-05,-1.895900000000e-05,-4.802680000000e-05
175,9.625500000000e-05,1.265536000000e-04,6.535490000000e-05,-1.899670000000e-05,-4.811160000000e-05
176,9.636260000000e-05,1.266066000000e-04,6.540990000000e-05,-1.903530000000e-05,-4.819730000000e-05
177,9.646970000000e-05,1.266612000000e-04,6.546620000000e-05,-1.907490000000e-05,-4.828410000000e-05
178,9.657440000000e-05,1.267163000000e-04,6.552310000000e-05,-1.911550000000e-05,-4.837170000000e-05
179,9.667590000000e-05,1.267709000000e-04,6.558000000000e-05,-1.915660000000e-05,-4.845960000000e-05
180,9.677420000000e-05,1.268237000000e-04,6.563570000000e-05,-1.919760000000e-05,-4.854720000000e-05
181,9.687070000000e-05,1.268741000000e-04,6.568950000000e-05,-1.923820000000e-05,-4.863380000000e-05
182,9.696620000000e-05,1.269215000000e-04,6.574090000000e-05,-1.927790000000e-05,-4.871920000000e-05
183,9.706140000000e-05,1.269659000000e-04,6.579000000000e-05,-1.931700000000e-05,-4.880290000000e-05
184,9.715560000000e-05,1.270073000000e-04,6.583730000000e-05,-1.935540000000e-05,-4.888530000000e-05
185,9.724750000000e-05,1.270460000000e-04,6.588340000000e-05,-1.939340000000e-05,-4.896650000000e-05
186,9.733580000000e-05,1.270823000000e-04,6.592880000000e-05,-1.943120000000e-05,-4.904700000000e-05
187,9.742010000000e-05,1.271166000000e-04,6.597400000000e-05,-1.946850000000e-05,-4.912710000000e-05
188,9.750140000000e-05,1.271491000000e-04,6.601910000000e-05,-1.950540000000e-05,-4.920680000000e-05
189,9.758180000000e-05,1.271805000000e-04,6.606420000000e-05,-1.954180000000e-05,-4.928600000000e-05
190,9.766390000000e-05,1.272115000000e-04,6.610940000000e-05,-1.957780000000e-05,-4.936430000000e-05
191,9.774960000000e-05,1.272429000000e-04,6.615450000000e-05,-1.961330000000e-05,-4.944180000000e-05
192,9.783990000000e-05,1.272756000000e-04,6.619970000000e-05,-1.964890000000e-05,-4.951830000000e-05
193,9.793370000000e-05,1.273102000000e-04,6.624500000000e-05,-1.968440000000e-05,-4.959410000000e-05
194,9.802940000000e-05,1.273472000000e-04,6.629060000000e-05,-1.972030000000e-05,-4.966960000000e-05
195,9.812490000000e-05,1.273868000000e-04,6.633680000000e-05,-1.975680000000e-05,-4.974510000000e-05
196,9.821830000000e-05,1.274284000000e-04,6.638360000000e-05,-1.979400000000e-05,-4.982130000000e-05
197,9.830910000000e-05,1.274716000000e-04,6.643090000000e-05,-1.983190000000e-05,-4.989830000000e-05
198,9.839770000000e-05,1.275151000000e-04,6.647830000000e-05,-1.987060000000e-05,-4.997630000000e-05
199,9.848510000000e-05,1.275582000000e-04,6.652560000000e-05,-1.990970000000e-05,-5.005490000000e-05
200,nan,nan,nan,-1.994920000000e-05,nan
201,nan,nan,nan,-1.998860000000e-05,nan
202,nan,nan,nan,-2.002760000000e-05,nan
203,nan,nan,nan,-2.006610000000e-05,nan
204,nan,nan,nan,-2.010400000000e-05,nan
205,nan,nan,nan,-2.014120000000e-05,nan
206,nan,nan,nan,-2.017780000000e-05,nan
207,nan,nan,nan,-2.021410000000e-05,nan
208,nan,nan,nan,-2.025020000000e-05,nan
209,nan,nan,nan,-2.028610000000e-05,nan
210,nan,nan,nan,-2.032190000000e-05,nan
211,nan,nan,nan,-2.035760000000e-05,nan
212,nan,nan,nan,-2.039310000000e-05,nan
213,nan,nan,nan,-2.042820000000e-05,nan
214,nan,nan,nan,-2.046320000000e-05,nan
215,nan,nan,nan,-2.049810000000e-05,nan
216,nan,nan,nan,-2.053310000000e-05,nan
217,nan,nan,nan,-2.056840000000e-05,nan
218,nan,nan,nan,-2.060400000000e-05,nan
219,nan,nan,nan,-2.063990000000e-05,nan
220,nan,nan,nan,-2.067590000000e-05,nan
221,nan,nan,nan,-2.071190000000e-05,nan
222,nan,nan,nan,-2.074770000000e-05,nan
223,nan,nan,nan,-2.078320000000e-05,nan
224,nan,nan,nan,-2.081840000000e-05,nan
225,nan,nan,nan,-2.085330000000e-05,nan
226,nan,nan,nan,-2.088790000000e-05,nan
227,nan,nan,nan,-2.092240000000e-05,nan
228,nan,nan,nan,-2.095700000000e-05,nan
229,nan,nan,nan,-2.099140000000e-05,nan
230,nan,nan,nan,-2.102590000000e-05,nan
231,nan,nan,nan,-2.106040000000e-05,nan
232,nan,nan,nan,-2.109490000000e-05,nan
233,nan,nan,nan,-2.112930000000e-05,nan
234,nan,nan,nan,-2.116360000000e-05,nan
235,nan,nan,nan,-2.119780000000e-05,nan
236,nan,nan,nan,-2.123190000000e-05,nan
237,nan,nan,nan,-2.126570000000e-05,nan
238,nan,nan,nan,-2.129960000000e-05,nan
239,nan,nan,nan,-2.133350000000e-05,nan
240,nan,nan,nan,-2.136750000000e-05,nan
241,nan,nan,nan,-2.140150000000e-05,nan
242,nan,nan,nan,-2.143570000000e-05,nan
243,nan,nan,nan,-2.146980000000e-05,nan
244,nan,nan,nan,-2.150360000000e-05,nan
245,nan,nan,nan,-2.153710000000e-05,nan
246,nan,nan,nan,-2.157030000000e-05,nan
247,nan,nan,nan,-2.160310000000e-05,nan
248,nan,nan,nan,-2.163580000000e-05,nan
249,nan,nan,nan,-2.166850000000e-05,nan
250,nan,nan,nan,-2.170140000000e-05,nan
251,nan,nan,nan,-2.173450000000e-05,nan
252,nan,nan,nan,-2.176750000000e-05,nan
253,nan,nan,nan,-2.180050000000e-05,nan
254,nan,nan,nan,-2.183340000000e-05,nan
255,nan,nan,nan,-2.186590000000e-05,nan
256,nan,nan,nan,-2.189830000000e-05,nan
257,nan,nan,nan,-2.193050000000e-05,nan
258,nan,nan,nan,-2.196280000000e-05,nan
259,nan,nan,nan,-2.199510000000e-05,nan
260,nan,nan,nan,-2.202770000000e-05,nan
261,nan,nan,nan,-2.206040000000e-05,nan
262,nan,nan,nan,-2.209300000000e-05,nan
263,nan,nan,nan,-2.212560000000e-05,nan
264,nan,nan,nan,-2.215790000000e-05,nan
265,nan,nan,nan,-2.218990000000e-05,nan
266,nan,nan,nan,-2.222170000000e-05,nan
267,nan,nan,nan,-2.225320000000e-05,nan
268,nan,nan,nan,-2.228460000000e-05,nan
269,nan,nan,nan,-2.231570000000e-05,nan
270,nan,nan,nan,-2.234680000000e-05,nan
271,nan,nan,nan,-2.237770000000e-05,nan
272,nan,nan,nan,-2.240860000000e-05,nan
273,nan,nan,nan,-2.243930000000e-05,nan
274,nan,nan,nan,-2.247020000000e-05,nan
275,nan,nan,nan,-2.250090000000e-05,nan
276,nan,nan,nan,-2.253180000000e-05,nan
277,nan,nan,nan,-2.256250000000e-05,nan
278,nan,nan,nan,-2.259320000000e-05,nan
279,nan,nan,nan,-2.262390000000e-05,nan
280,nan,nan,nan,-2.265460000000e-05,nan
281,nan,nan,nan,-2.268510000000e-05,nan
282,nan,nan,nan,-2.271580000000e-05,nan
283,nan,nan,nan,-2.274650000000e-05,nan
284,nan,nan,nan,-2.277710000000e-05,nan
285,nan,nan,nan,-2.280770000000e-05,nan
286,nan,nan,nan,-2.283800000000e-05,nan
287,nan,nan,nan,-2.286800000000e-05,nan
288,nan,nan,nan,-2.289790000000e-05,nan
289,nan,nan,nan,-2.292740000000e-05,nan
290,nan,nan,nan,-2.295680000000e-05,nan
291,nan,nan,nan,-2.298610000000e-05,nan
292,nan,nan,nan,-2.301550000000e-05,nan
293,nan,nan,nan,-2.304490000000e-05,nan
294,nan,nan,nan,-2.307440000000e-05,nan
295,nan,nan,nan,-2.310400000000e-05,nan
296,nan,nan,nan,-2.313350000000e-05,nan
297,nan,nan,nan,-2.316290000000e-05,nan
298,nan,nan,nan,-2.319210000000e-05,nan
299,nan,nan,nan,-2.322110000000e-05,nan
300,nan,nan,nan,-2.325020000000e-05,nan
301,nan,nan,nan,-2.327920000000e-05,nan
302,nan,nan,nan,-2.330830000000e-05,nan
303,nan,nan,nan,-2.333740000000e-05,nan
304,nan,nan,nan,-2.336650000000e-05,nan
305,nan,nan,nan,-2.339560000000e-05,nan
306,nan,nan,nan,-2.342450000000e-05,nan
307,nan,nan,nan,-2.345320000000e-05,nan
308,nan,nan,nan,-2.348160000000e-05,nan
309,nan,nan,nan,-2.350980000000e-05,nan
310,nan,nan,nan,-2.353790000000e-05,nan
311,nan,nan,nan,-2.356600000000e-05,nan
312,nan,nan,nan,-2.359410000000e-05,nan
313,nan,nan,nan,-2.362220000000e-05,nan
314,nan,nan,nan,-2.365030000000e-05,nan
315,nan,nan,nan,-2.367830000000e-05,nan
316,nan,nan,nan,-2.370620000000e-05,nan
317,nan,nan,nan,-2.373400000000e-05,nan
318,nan,nan,nan,-2.376170000000e-05,nan
319,nan,nan,nan,-2.378940000000e-05,nan
320,nan,nan,nan,-2.381700000000e-05,nan
321,nan,nan,nan,-2.384460000000e-05,nan
322,nan,nan,nan,-2.387210000000e-05,nan
323,nan,nan,nan,-2.389940000000e-05,nan
324,nan,nan,nan,-2.392670000000e-05,nan
325,nan,nan,nan,-2.395400000000e-05,nan
326,nan,nan,nan,-2.398110000000e-05,nan
327,nan,nan,nan,-2.400820000000e-05,nan
328,nan,nan,nan,-2.403530000000e-05,nan
329,nan,nan,nan,-2.406210000000e-05,nan
330,nan,nan,nan,-2.408890000000e-05,nan
331,nan,nan,nan,-2.411530000000e-05,nan
332,nan,nan,nan,-2.414170000000e-05,nan
333,nan,nan,nan,-2.416810000000e-05,nan
334,nan,nan,nan,-2.419440000000e-05,nan
335,nan,nan,nan,-2.422070000000e-05,nan
336,nan,nan,nan,-2.424720000000e-05,nan
337,nan,nan,nan,-2.427370000000e-05,nan
338,nan,nan,nan,-2.430020000000e-05,nan
339,nan,nan,nan,-2.432660000000e-05,nan
340,nan,nan,nan,-2.435290000000e-05,nan
341,nan,nan,nan,-2.437910000000e-05,nan
342,nan,nan,nan,-2.440530000000e-05,nan
343,nan,nan,nan,-2.443150000000e-05,nan
344,nan,nan,nan,-2.445770000000e-05,nan
345,nan,nan,nan,-2.448390000000e-05,nan
346,nan,nan,nan,-2.451010000000e-05,nan
347,nan,nan,nan,-2.453630000000e-05,nan
348,nan,nan,nan,-2.456250000000e-05,nan
349,nan,nan,nan,-2.458830000000e-05,nan
350,nan,nan,nan,-2.461420000000e-05,nan
351,nan,nan,nan,-2.463990000000e-05,nan
352,nan,nan,nan,-2.466560000000e-05,nan
353,nan,nan,nan,-2.469120000000e-05,nan
354,nan,nan,nan,-2.471680000000e-05,nan
355,nan,nan,nan,-2.474250000000e-05,nan
356,nan,nan,nan,-2.476810000000e-05,nan
357,nan,nan,nan,-2.479380000000e-05,nan
358,nan,nan,nan,-2.481940000000e-05,nan
359,nan,nan,nan,-2.484490000000e-05,nan
360,nan,nan,nan,-2.487030000000e-05,nan
361,nan,nan,nan,-2.489570000000e-05,nan
362,nan,nan,nan,-2.492100000000e-05,nan
363,nan,nan,nan,-2.494610000000e-05,nan
364,nan,nan,nan,-2.497120000000e-05,nan
365,nan,nan,nan,-2.499620000000e-05,nan
366,nan,nan,nan,-2.502120000000e-05,nan
367,nan,nan,nan,-2.504620000000e-05,nan
368,nan,nan,nan,-2.507110000000e-05,nan
369,nan,nan,nan,-2.509580000000e-05,nan
370,nan,nan,nan,-2.512050000000e-05,nan
371,nan,nan,nan,-2.514510000000e-05,nan
372,nan,nan,nan,-2.516960000000e-05,nan
373,nan,nan,nan,-2.519400000000e-05,nan
374,nan,nan,nan,-2.521830000000e-05,nan
375,nan,nan,nan,-2.524260000000e-05,nan
376,nan,nan,nan,-2.526680000000e-05,nan
377,nan,nan,nan,-2.529100000000e-05,nan
378,nan,nan,nan,-2.531510000000e-05,nan
379,nan,nan,nan,-2.533910000000e-05,nan
380,nan,nan,nan,-2.536320000000e-05,nan
381,nan,nan,nan,-2.538710000000e-05,nan
382,nan,nan,nan,-2.541080000000e-05,nan
383,nan,nan,nan,-2.543460000000e-05,nan
384,nan,nan,nan,-2.545830000000e-05,nan
385,nan,nan,nan,-2.548180000000e-05,nan
386,nan,nan,nan,-2.550540000000e-05,nan
387,nan,nan,nan,-2.552890000000e-05,nan
388,nan,nan,nan,-2.555240000000e-05,nan
389,nan,nan,nan,-2.557590000000e-05,nan
390,nan,nan,nan,-2.559930000000e-05,nan
391,nan,nan,nan,-2.562270000000e-05,nan
392,nan,nan,nan,-2.564600000000e-05,nan
393,nan,nan,nan,-2.566930000000e-05,nan
394,nan,nan,nan,-2.569240000000e-05,nan
395,nan,nan,nan,-2.571550000000e-05,nan
396,nan,nan,nan,-2.573860000000e-05,nan
397,nan,nan,nan,-2.576170000000e-05,nan
398,nan,nan,nan,-2.578480000000e-05,nan
399,nan,nan,nan,-2.580790000000e-05,nan
