case,model,d,shell_r,nodes,travel,predicted_lag,peak,onset_2pct,onset_5pct,onset_10pct,onset_25pct,onset_50pct,onset_75pct,peak_in_ulp,below_three_ulp
RANS_SA_WD_0.05-0.10_ConsGalerkinProj_OneShot_Second,SA,5.000000000000e-02,5.000000000000e-03,3139,4.500000000000e-02,1.300000000000e-01,7.745000000000e-07,0,0,0,0,0,0,1.299395379200e+01,False
RANS_SA_WD_0.05-0.10_ConsGalerkinProj_OneShot_Second,SA,5.000000000000e-02,1.000000000000e-02,1118,4.000000000000e-02,1.200000000000e-01,7.166000000000e-07,0,0,0,0,0,0,1.202255298560e+01,False
RANS_SA_WD_0.05-0.10_ConsGalerkinProj_OneShot_Second,SA,5.000000000000e-02,2.000000000000e-02,577,3.000000000000e-02,9.000000000000e-02,7.973000000000e-07,0,0,0,0,0,0,1.337647431680e+01,False
RANS_SA_WD_0.05-0.10_ConsGalerkinProj_OneShot_Second,SA,5.000000000000e-02,4.000000000000e-02,329,1.000000000000e-02,3.000000000000e-02,2.169000000000e-06,0,0,0,0,0,0,3.638978150400e+01,False
RANS_SA_WD_0.10-0.15_ConsGalerkinProj_OneShot_SF2_Second,SA,1.000000000000e-01,5.000000000000e-03,3139,9.500000000000e-02,2.700000000000e-01,1.327000000000e-06,0,0,0,1,4,6,2.226336563200e+01,False
RANS_SA_WD_0.10-0.15_ConsGalerkinProj_OneShot_SF2_Second,SA,1.000000000000e-01,1.000000000000e-02,1118,9.000000000000e-02,2.600000000000e-01,9.380000000000e-07,0,0,0,0,3,5,1.573702860800e+01,False
RANS_SA_WD_0.10-0.15_ConsGalerkinProj_OneShot_SF2_Second,SA,1.000000000000e-01,2.000000000000e-02,577,8.000000000000e-02,2.300000000000e-01,6.621000000000e-07,0,0,0,0,1,4,1.110819471360e+01,False
RANS_SA_WD_0.10-0.15_ConsGalerkinProj_OneShot_SF2_Second,SA,1.000000000000e-01,4.000000000000e-02,329,6.000000000000e-02,1.700000000000e-01,6.509000000000e-07,0,0,0,0,0,1,1.092028989440e+01,False
RANS_SA_WD_0.10-0.15_ConsGalerkinProj_OneShot_SF2_Second,SA,1.000000000000e-01,6.000000000000e-02,258,4.000000000000e-02,1.200000000000e-01,1.461000000000e-06,0,0,0,0,0,0,2.451151257600e+01,False
RANS_SA_WD_0.10-0.15_ConsGalerkinProj_OneShot_SF2_Second,SA,1.000000000000e-01,8.000000000000e-02,201,2.000000000000e-02,6.000000000000e-02,3.452000000000e-06,0,0,0,0,0,0,5.791494963200e+01,False
RANS_SA_WD_0.10-0.15_ConsGalerkinProj_OneShot_Second,SA,1.000000000000e-01,5.000000000000e-03,3139,9.500000000000e-02,2.700000000000e-01,5.738000000000e-07,0,0,0,0,4,6,9.626766540800e+00,False
RANS_SA_WD_0.10-0.15_ConsGalerkinProj_OneShot_Second,SA,1.000000000000e-01,1.000000000000e-02,1118,9.000000000000e-02,2.600000000000e-01,4.176000000000e-07,0,0,0,0,1,5,7.006165401600e+00,False
RANS_SA_WD_0.10-0.15_ConsGalerkinProj_OneShot_Second,SA,1.000000000000e-01,2.000000000000e-02,577,8.000000000000e-02,2.300000000000e-01,3.228000000000e-07,0,0,0,0,0,1,5.415685324800e+00,False
RANS_SA_WD_0.10-0.15_ConsGalerkinProj_OneShot_Second,SA,1.000000000000e-01,4.000000000000e-02,329,6.000000000000e-02,1.700000000000e-01,3.581000000000e-07,0,0,0,0,0,1,6.007921049600e+00,False
RANS_SA_WD_0.10-0.15_ConsGalerkinProj_OneShot_Second,SA,1.000000000000e-01,6.000000000000e-02,258,4.000000000000e-02,1.200000000000e-01,8.044000000000e-07,0,0,0,0,0,0,1.349559255040e+01,False
RANS_SA_WD_0.10-0.15_ConsGalerkinProj_OneShot_Second,SA,1.000000000000e-01,8.000000000000e-02,201,2.000000000000e-02,6.000000000000e-02,1.731000000000e-06,0,0,0,0,0,0,2.904136089600e+01,False
RANS_SA_WD_0.20-0.25_ConsGalerkinProj_OneShot_Long_Second,SA,2.000000000000e-01,5.000000000000e-03,3139,1.950000000000e-01,5.600000000000e-01,4.824000000000e-07,0,0,0,4,7,8,8.093328998400e+00,False
RANS_SA_WD_0.20-0.25_ConsGalerkinProj_OneShot_Long_Second,SA,2.000000000000e-01,1.000000000000e-02,1118,1.900000000000e-01,5.500000000000e-01,4.071000000000e-07,0,0,0,4,7,9,6.830004633600e+00,False
RANS_SA_WD_0.20-0.25_ConsGalerkinProj_OneShot_Long_Second,SA,2.000000000000e-01,2.000000000000e-02,577,1.800000000000e-01,5.200000000000e-01,3.235000000000e-07,0,0,0,1,7,8,5.427429376000e+00,False
RANS_SA_WD_0.20-0.25_ConsGalerkinProj_OneShot_Long_Second,SA,2.000000000000e-01,4.000000000000e-02,329,1.600000000000e-01,4.600000000000e-01,1.733000000000e-07,0,0,0,0,1,7,2.907491532800e+00,True
RANS_SA_WD_0.20-0.25_ConsGalerkinProj_OneShot_Long_Second,SA,2.000000000000e-01,6.000000000000e-02,258,1.400000000000e-01,4.000000000000e-01,1.144000000000e-07,0,0,0,0,0,1,1.919313510400e+00,True
RANS_SA_WD_0.20-0.25_ConsGalerkinProj_OneShot_Long_Second,SA,2.000000000000e-01,8.000000000000e-02,201,1.200000000000e-01,3.500000000000e-01,1.011000000000e-07,0,0,0,0,0,1,1.696176537600e+00,True
RANS_SA_WD_0.20-0.25_ConsGalerkinProj_OneShot_Long_Second,SA,2.000000000000e-01,1.000000000000e-01,116,1.000000000000e-01,2.900000000000e-01,1.190000000000e-07,0,0,0,0,0,0,1.996488704000e+00,True
RANS_SA_WD_0.20-0.25_ConsGalerkinProj_OneShot_Long_Second,SA,2.000000000000e-01,1.300000000000e-01,137,7.000000000000e-02,2.000000000000e-01,3.285000000000e-07,0,0,0,0,0,1,5.511315456000e+00,False
RANS_SA_WD_0.20-0.25_ConsGalerkinProj_OneShot_Long_Second,SA,2.000000000000e-01,1.600000000000e-01,88,4.000000000000e-02,1.200000000000e-01,6.304000000000e-07,0,0,0,0,0,1,1.057635696640e+01,False
RANS_SA_WD_0.20-0.25_ConsGalerkinProj_OneShot_Long_Second,SA,2.000000000000e-01,1.800000000000e-01,66,2.000000000000e-02,6.000000000000e-02,4.697000000000e-06,0,0,0,0,0,0,7.880258355200e+01,False
RANS_SA_WD_0.20-0.25_ConsGalerkinProj_OneShot_Second,SA,2.000000000000e-01,5.000000000000e-03,3139,1.950000000000e-01,5.600000000000e-01,5.355000000000e-07,0,0,0,4,8,10,8.984199168000e+00,False
RANS_SA_WD_0.20-0.25_ConsGalerkinProj_OneShot_Second,SA,2.000000000000e-01,1.000000000000e-02,1118,1.900000000000e-01,5.500000000000e-01,4.264000000000e-07,0,0,0,1,7,9,7.153804902400e+00,False
RANS_SA_WD_0.20-0.25_ConsGalerkinProj_OneShot_Second,SA,2.000000000000e-01,2.000000000000e-02,577,1.800000000000e-01,5.200000000000e-01,2.996000000000e-07,0,0,0,0,6,8,5.026453913600e+00,False
RANS_SA_WD_0.20-0.25_ConsGalerkinProj_OneShot_Second,SA,2.000000000000e-01,4.000000000000e-02,329,1.600000000000e-01,4.600000000000e-01,1.753000000000e-07,0,0,0,0,0,1,2.941045964800e+00,True
RANS_SA_WD_0.20-0.25_ConsGalerkinProj_OneShot_Second,SA,2.000000000000e-01,6.000000000000e-02,258,1.400000000000e-01,4.000000000000e-01,1.690000000000e-07,0,0,0,0,0,0,2.835349504000e+00,True
RANS_SA_WD_0.20-0.25_ConsGalerkinProj_OneShot_Second,SA,2.000000000000e-01,8.000000000000e-02,201,1.200000000000e-01,3.500000000000e-01,1.796000000000e-07,0,0,0,0,0,0,3.013187993600e+00,False
RANS_SA_WD_0.20-0.25_ConsGalerkinProj_OneShot_Second,SA,2.000000000000e-01,1.000000000000e-01,116,1.000000000000e-01,2.900000000000e-01,2.309000000000e-07,0,0,0,0,0,0,3.873859174400e+00,False
RANS_SA_WD_0.20-0.25_ConsGalerkinProj_OneShot_Second,SA,2.000000000000e-01,1.300000000000e-01,137,7.000000000000e-02,2.000000000000e-01,4.432000000000e-07,0,0,0,0,0,1,7.435662131200e+00,False
RANS_SA_WD_0.20-0.25_ConsGalerkinProj_OneShot_Second,SA,2.000000000000e-01,1.600000000000e-01,88,4.000000000000e-02,1.200000000000e-01,5.994000000000e-07,0,0,0,0,0,1,1.005626327040e+01,False
RANS_SA_WD_0.20-0.25_ConsGalerkinProj_OneShot_Second,SA,2.000000000000e-01,1.800000000000e-01,66,2.000000000000e-02,6.000000000000e-02,4.563000000000e-06,0,0,0,0,0,0,7.655443660800e+01,False
RANS_SST_WD_0.05-0.10_ConsGalerkinProj_OneShot_Second,SST,5.000000000000e-02,5.000000000000e-03,3139,4.500000000000e-02,1.300000000000e-01,8.105000000000e-07,0,0,0,0,0,0,1.359793356800e+01,False
RANS_SST_WD_0.05-0.10_ConsGalerkinProj_OneShot_Second,SST,5.000000000000e-02,1.000000000000e-02,1118,4.000000000000e-02,1.200000000000e-01,7.452000000000e-07,0,0,0,0,0,0,1.250238136320e+01,False
RANS_SST_WD_0.05-0.10_ConsGalerkinProj_OneShot_Second,SST,5.000000000000e-02,2.000000000000e-02,577,3.000000000000e-02,9.000000000000e-02,8.201000000000e-07,0,0,0,0,0,0,1.375899484160e+01,False
RANS_SST_WD_0.05-0.10_ConsGalerkinProj_OneShot_Second,SST,5.000000000000e-02,4.000000000000e-02,329,1.000000000000e-02,3.000000000000e-02,2.236000000000e-06,0,0,0,0,0,0,3.751385497600e+01,False
RANS_SST_WD_0.10-0.15_ConsGalerkinProj_OneShot_SF2_Second,SST,1.000000000000e-01,5.000000000000e-03,3139,9.500000000000e-02,2.700000000000e-01,1.313000000000e-06,0,0,0,1,4,6,2.202848460800e+01,False
RANS_SST_WD_0.10-0.15_ConsGalerkinProj_OneShot_SF2_Second,SST,1.000000000000e-01,1.000000000000e-02,1118,9.000000000000e-02,2.600000000000e-01,9.267000000000e-07,0,0,0,0,3,5,1.554744606720e+01,False
RANS_SST_WD_0.10-0.15_ConsGalerkinProj_OneShot_SF2_Second,SST,1.000000000000e-01,2.000000000000e-02,577,8.000000000000e-02,2.300000000000e-01,6.530000000000e-07,0,0,0,0,1,4,1.095552204800e+01,False
RANS_SST_WD_0.10-0.15_ConsGalerkinProj_OneShot_SF2_Second,SST,1.000000000000e-01,4.000000000000e-02,329,6.000000000000e-02,1.700000000000e-01,6.318000000000e-07,0,0,0,0,0,1,1.059984506880e+01,False
RANS_SST_WD_0.10-0.15_ConsGalerkinProj_OneShot_SF2_Second,SST,1.000000000000e-01,6.000000000000e-02,258,4.000000000000e-02,1.200000000000e-01,1.408000000000e-06,0,0,0,0,0,0,2.362232012800e+01,False
RANS_SST_WD_0.10-0.15_ConsGalerkinProj_OneShot_SF2_Second,SST,1.000000000000e-01,8.000000000000e-02,201,2.000000000000e-02,6.000000000000e-02,3.488000000000e-06,0,0,0,0,0,0,5.851892940800e+01,False
RANS_SST_WD_0.10-0.15_ConsGalerkinProj_OneShot_Second,SST,1.000000000000e-01,5.000000000000e-03,3139,9.500000000000e-02,2.700000000000e-01,5.817000000000e-07,0,0,0,0,4,6,9.759306547200e+00,False
RANS_SST_WD_0.10-0.15_ConsGalerkinProj_OneShot_Second,SST,1.000000000000e-01,1.000000000000e-02,1118,9.000000000000e-02,2.600000000000e-01,4.239000000000e-07,0,0,0,0,1,5,7.111861862400e+00,False
RANS_SST_WD_0.10-0.15_ConsGalerkinProj_OneShot_Second,SST,1.000000000000e-01,2.000000000000e-02,577,8.000000000000e-02,2.300000000000e-01,3.275000000000e-07,0,0,0,0,0,1,5.494538240000e+00,False
RANS_SST_WD_0.10-0.15_ConsGalerkinProj_OneShot_Second,SST,1.000000000000e-01,4.000000000000e-02,329,6.000000000000e-02,1.700000000000e-01,3.604000000000e-07,0,0,0,0,0,1,6.046508646400e+00,False
RANS_SST_WD_0.10-0.15_ConsGalerkinProj_OneShot_Second,SST,1.000000000000e-01,6.000000000000e-02,258,4.000000000000e-02,1.200000000000e-01,7.664000000000e-07,0,0,0,0,0,0,1.285805834240e+01,False
RANS_SST_WD_0.10-0.15_ConsGalerkinProj_OneShot_Second,SST,1.000000000000e-01,8.000000000000e-02,201,2.000000000000e-02,6.000000000000e-02,1.682000000000e-06,0,0,0,0,0,0,2.821927731200e+01,False
RANS_SST_WD_0.20-0.25_ConsGalerkinProj_OneShot_Long_Second,SST,2.000000000000e-01,5.000000000000e-03,3139,1.950000000000e-01,5.600000000000e-01,4.777000000000e-07,0,0,0,4,6,8,8.014476083200e+00,False
RANS_SST_WD_0.20-0.25_ConsGalerkinProj_OneShot_Long_Second,SST,2.000000000000e-01,1.000000000000e-02,1118,1.900000000000e-01,5.500000000000e-01,4.085000000000e-07,0,0,0,4,7,8,6.853492736000e+00,False
RANS_SST_WD_0.20-0.25_ConsGalerkinProj_OneShot_Long_Second,SST,2.000000000000e-01,2.000000000000e-02,577,1.800000000000e-01,5.200000000000e-01,3.230000000000e-07,0,0,0,3,6,8,5.419040768000e+00,False
RANS_SST_WD_0.20-0.25_ConsGalerkinProj_OneShot_Long_Second,SST,2.000000000000e-01,4.000000000000e-02,329,1.600000000000e-01,4.600000000000e-01,1.692000000000e-07,0,0,0,0,4,7,2.838704947200e+00,True
RANS_SST_WD_0.20-0.25_ConsGalerkinProj_OneShot_Long_Second,SST,2.000000000000e-01,6.000000000000e-02,258,1.400000000000e-01,4.000000000000e-01,1.043000000000e-07,0,0,0,0,0,1,1.749863628800e+00,True
RANS_SST_WD_0.20-0.25_ConsGalerkinProj_OneShot_Long_Second,SST,2.000000000000e-01,8.000000000000e-02,201,1.200000000000e-01,3.500000000000e-01,9.788000000000e-08,0,0,0,0,0,1,1.642153902080e+00,True
RANS_SST_WD_0.20-0.25_ConsGalerkinProj_OneShot_Long_Second,SST,2.000000000000e-01,1.000000000000e-01,116,1.000000000000e-01,2.900000000000e-01,1.077000000000e-07,0,0,0,0,0,0,1.806906163200e+00,True
RANS_SST_WD_0.20-0.25_ConsGalerkinProj_OneShot_Long_Second,SST,2.000000000000e-01,1.300000000000e-01,137,7.000000000000e-02,2.000000000000e-01,2.497000000000e-07,0,0,0,0,0,1,4.189270835200e+00,False
RANS_SST_WD_0.20-0.25_ConsGalerkinProj_OneShot_Long_Second,SST,2.000000000000e-01,1.600000000000e-01,88,4.000000000000e-02,1.200000000000e-01,5.677000000000e-07,0,0,0,0,0,1,9.524425523200e+00,False
RANS_SST_WD_0.20-0.25_ConsGalerkinProj_OneShot_Long_Second,SST,2.000000000000e-01,1.800000000000e-01,66,2.000000000000e-02,6.000000000000e-02,4.282000000000e-06,0,0,0,0,0,0,7.184003891200e+01,False
RANS_SST_WD_0.20-0.25_ConsGalerkinProj_OneShot_Second,SST,2.000000000000e-01,5.000000000000e-03,3139,1.950000000000e-01,5.600000000000e-01,5.313000000000e-07,0,0,0,5,8,9,8.913734860800e+00,False
RANS_SST_WD_0.20-0.25_ConsGalerkinProj_OneShot_Second,SST,2.000000000000e-01,1.000000000000e-02,1118,1.900000000000e-01,5.500000000000e-01,4.273000000000e-07,0,0,0,1,7,9,7.168904396800e+00,False
RANS_SST_WD_0.20-0.25_ConsGalerkinProj_OneShot_Second,SST,2.000000000000e-01,2.000000000000e-02,577,1.800000000000e-01,5.200000000000e-01,2.972000000000e-07,0,0,0,0,6,8,4.986188595200e+00,False
RANS_SST_WD_0.20-0.25_ConsGalerkinProj_OneShot_Second,SST,2.000000000000e-01,4.000000000000e-02,329,1.600000000000e-01,4.600000000000e-01,1.665000000000e-07,0,0,0,0,0,1,2.793406464000e+00,True
RANS_SST_WD_0.20-0.25_ConsGalerkinProj_OneShot_Second,SST,2.000000000000e-01,6.000000000000e-02,258,1.400000000000e-01,4.000000000000e-01,1.560000000000e-07,0,0,0,0,0,0,2.617245696000e+00,True
RANS_SST_WD_0.20-0.25_ConsGalerkinProj_OneShot_Second,SST,2.000000000000e-01,8.000000000000e-02,201,1.200000000000e-01,3.500000000000e-01,1.682000000000e-07,0,0,0,0,0,0,2.821927731200e+00,True
RANS_SST_WD_0.20-0.25_ConsGalerkinProj_OneShot_Second,SST,2.000000000000e-01,1.000000000000e-01,116,1.000000000000e-01,2.900000000000e-01,2.098000000000e-07,0,0,0,0,0,0,3.519859916800e+00,False
RANS_SST_WD_0.20-0.25_ConsGalerkinProj_OneShot_Second,SST,2.000000000000e-01,1.300000000000e-01,137,7.000000000000e-02,2.000000000000e-01,3.975000000000e-07,0,0,0,0,0,1,6.668943360000e+00,False
RANS_SST_WD_0.20-0.25_ConsGalerkinProj_OneShot_Second,SST,2.000000000000e-01,1.600000000000e-01,88,4.000000000000e-02,1.200000000000e-01,5.467000000000e-07,0,0,0,0,0,0,9.172103987200e+00,False
RANS_SST_WD_0.20-0.25_ConsGalerkinProj_OneShot_Second,SST,2.000000000000e-01,1.800000000000e-01,66,2.000000000000e-02,6.000000000000e-02,4.299000000000e-06,0,0,0,0,0,0,7.212525158400e+01,False
