grid,dim,solution,interp_order,method,resolution,n_points,h,field,geom_defect,supermesh_defect
Mixed,2,Asym,FirstOrder,NN,64,6073,0.012832118438741323,Density,1.6952696099007783e-06,nan
Mixed,2,Asym,FirstOrder,NN,64,6073,0.012832118438741323,Momentum_x,1.7465823343782363e-05,nan
Mixed,2,Asym,FirstOrder,NN,64,6073,0.012832118438741323,Momentum_y,1.7465823343782363e-05,nan
Mixed,2,Asym,FirstOrder,NN,64,6073,0.012832118438741323,Energy,1.2723457308296685e-06,nan
Mixed,2,Asym,FirstOrder,NN,128,24408,0.006400794772021405,Density,3.0456157418634803e-05,nan
Mixed,2,Asym,FirstOrder,NN,128,24408,0.006400794772021405,Momentum_x,0.001208791546896272,nan
Mixed,2,Asym,FirstOrder,NN,128,24408,0.006400794772021405,Momentum_y,0.001208791546896272,nan
Mixed,2,Asym,FirstOrder,NN,128,24408,0.006400794772021405,Energy,6.067064508312207e-05,nan
Mixed,2,Asym,FirstOrder,NN,256,96409,0.0032206327947704866,Density,1.4117752665614686e-05,nan
Mixed,2,Asym,FirstOrder,NN,256,96409,0.0032206327947704866,Momentum_x,0.00045499386845163607,nan
Mixed,2,Asym,FirstOrder,NN,256,96409,0.0032206327947704866,Momentum_y,0.00045499386845163607,nan
Mixed,2,Asym,FirstOrder,NN,256,96409,0.0032206327947704866,Energy,2.5230836867135015e-05,nan
Mixed,2,Asym,SecondOrder,Barycentric,64,6073,0.012832118438741323,Density,1.793420587825272e-05,nan
Mixed,2,Asym,SecondOrder,Barycentric,64,6073,0.012832118438741323,Momentum_x,0.0006138749091128333,nan
Mixed,2,Asym,SecondOrder,Barycentric,64,6073,0.012832118438741323,Momentum_y,0.0006138749091128333,nan
Mixed,2,Asym,SecondOrder,Barycentric,64,6073,0.012832118438741323,Energy,3.3133789999975264e-05,nan
Mixed,2,Asym,SecondOrder,Barycentric,128,24408,0.006400794772021405,Density,1.7906069428771052e-06,nan
Mixed,2,Asym,SecondOrder,Barycentric,128,24408,0.006400794772021405,Momentum_x,7.287478947509429e-05,nan
Mixed,2,Asym,SecondOrder,Barycentric,128,24408,0.006400794772021405,Momentum_y,7.287478947509429e-05,nan
Mixed,2,Asym,SecondOrder,Barycentric,128,24408,0.006400794772021405,Energy,3.6222921439082853e-06,nan
Mixed,2,Asym,SecondOrder,Barycentric,256,96409,0.0032206327947704866,Density,3.599889542037932e-08,nan
Mixed,2,Asym,SecondOrder,Barycentric,256,96409,0.0032206327947704866,Momentum_x,3.909371778553485e-07,nan
Mixed,2,Asym,SecondOrder,Barycentric,256,96409,0.0032206327947704866,Momentum_y,3.909371778553485e-07,nan
Mixed,2,Asym,SecondOrder,Barycentric,256,96409,0.0032206327947704866,Energy,4.309425202213068e-08,nan
Mixed,2,Asym,SecondOrder,ConsGalerkinProj,64,6073,0.012832118438741323,Density,1.3986511049045751e-05,nan
Mixed,2,Asym,SecondOrder,ConsGalerkinProj,64,6073,0.012832118438741323,Momentum_x,0.00035701103938333027,nan
Mixed,2,Asym,SecondOrder,ConsGalerkinProj,64,6073,0.012832118438741323,Momentum_y,0.00035701103938333027,nan
Mixed,2,Asym,SecondOrder,ConsGalerkinProj,64,6073,0.012832118438741323,Energy,2.2565496121465106e-05,nan
Mixed,2,Asym,SecondOrder,ConsGalerkinProj,128,24408,0.006400794772021405,Density,2.8717642676715483e-06,nan
Mixed,2,Asym,SecondOrder,ConsGalerkinProj,128,24408,0.006400794772021405,Momentum_x,0.00012602189404428682,nan
Mixed,2,Asym,SecondOrder,ConsGalerkinProj,128,24408,0.006400794772021405,Momentum_y,0.00012602189404428682,nan
Mixed,2,Asym,SecondOrder,ConsGalerkinProj,128,24408,0.006400794772021405,Energy,6.054078906510984e-06,nan
Mixed,2,Asym,SecondOrder,ConsGalerkinProj,256,96409,0.0032206327947704866,Density,2.5222858072456385e-07,nan
Mixed,2,Asym,SecondOrder,ConsGalerkinProj,256,96409,0.0032206327947704866,Momentum_x,9.866875937592738e-06,nan
Mixed,2,Asym,SecondOrder,ConsGalerkinProj,256,96409,0.0032206327947704866,Momentum_y,9.866875937592738e-06,nan
Mixed,2,Asym,SecondOrder,ConsGalerkinProj,256,96409,0.0032206327947704866,Energy,4.976920473756248e-07,nan
Mixed,2,Asym,SecondOrder,NN,64,6073,0.012832118438741323,Density,1.2630471984827472e-05,nan
Mixed,2,Asym,SecondOrder,NN,64,6073,0.012832118438741323,Momentum_x,0.00018679017152594866,nan
Mixed,2,Asym,SecondOrder,NN,64,6073,0.012832118438741323,Momentum_y,0.00018679017152594866,nan
Mixed,2,Asym,SecondOrder,NN,64,6073,0.012832118438741323,Energy,6.6155885057030915e-06,nan
Mixed,2,Asym,SecondOrder,NN,128,24408,0.006400794772021405,Density,4.260901953824903e-06,nan
Mixed,2,Asym,SecondOrder,NN,128,24408,0.006400794772021405,Momentum_x,0.00028411905462963095,nan
Mixed,2,Asym,SecondOrder,NN,128,24408,0.006400794772021405,Momentum_y,0.00028411905462963095,nan
Mixed,2,Asym,SecondOrder,NN,128,24408,0.006400794772021405,Energy,1.1609319703443384e-05,nan
Mixed,2,Asym,SecondOrder,NN,256,96409,0.0032206327947704866,Density,1.0612449810302436e-06,nan
Mixed,2,Asym,SecondOrder,NN,256,96409,0.0032206327947704866,Momentum_x,5.291258045372653e-05,nan
Mixed,2,Asym,SecondOrder,NN,256,96409,0.0032206327947704866,Momentum_y,5.291258045372653e-05,nan
Mixed,2,Asym,SecondOrder,NN,256,96409,0.0032206327947704866,Energy,2.4028345037540482e-06,nan
Mixed,2,Asym,ThirdOrder,Barycentric,64,6073,0.012832118438741323,Density,1.4006728435749502e-05,nan
Mixed,2,Asym,ThirdOrder,Barycentric,64,6073,0.012832118438741323,Momentum_x,0.0002777271569586922,nan
Mixed,2,Asym,ThirdOrder,Barycentric,64,6073,0.012832118438741323,Momentum_y,0.0002777271569586922,nan
Mixed,2,Asym,ThirdOrder,Barycentric,64,6073,0.012832118438741323,Energy,2.0439096650117443e-05,nan
Mixed,2,Asym,ThirdOrder,Barycentric,128,24408,0.006400794772021405,Density,4.183500572659248e-06,nan
Mixed,2,Asym,ThirdOrder,Barycentric,128,24408,0.006400794772021405,Momentum_x,0.00021166214063723585,nan
Mixed,2,Asym,ThirdOrder,Barycentric,128,24408,0.006400794772021405,Momentum_y,0.00021166214063723585,nan
Mixed,2,Asym,ThirdOrder,Barycentric,128,24408,0.006400794772021405,Energy,9.57847101569676e-06,nan
Mixed,2,Asym,ThirdOrder,Barycentric,256,96409,0.0032206327947704866,Density,7.399655506849144e-07,nan
Mixed,2,Asym,ThirdOrder,Barycentric,256,96409,0.0032206327947704866,Momentum_x,3.092924827678052e-05,nan
Mixed,2,Asym,ThirdOrder,Barycentric,256,96409,0.0032206327947704866,Momentum_y,3.092924827678052e-05,nan
Mixed,2,Asym,ThirdOrder,Barycentric,256,96409,0.0032206327947704866,Energy,1.5146447720837816e-06,nan
Mixed,2,Asym,ThirdOrder,ConsGalerkinProj,64,6073,0.012832118438741323,Density,1.4057126871893252e-05,nan
Mixed,2,Asym,ThirdOrder,ConsGalerkinProj,64,6073,0.012832118438741323,Momentum_x,0.0002670717113985535,nan
Mixed,2,Asym,ThirdOrder,ConsGalerkinProj,64,6073,0.012832118438741323,Momentum_y,0.0002670717113985535,nan
Mixed,2,Asym,ThirdOrder,ConsGalerkinProj,64,6073,0.012832118438741323,Energy,2.0207113069201498e-05,nan
Mixed,2,Asym,ThirdOrder,ConsGalerkinProj,128,24408,0.006400794772021405,Density,4.214176477758106e-06,nan
Mixed,2,Asym,ThirdOrder,ConsGalerkinProj,128,24408,0.006400794772021405,Momentum_x,0.00021343284817440682,nan
Mixed,2,Asym,ThirdOrder,ConsGalerkinProj,128,24408,0.006400794772021405,Momentum_y,0.00021343284817440682,nan
Mixed,2,Asym,ThirdOrder,ConsGalerkinProj,128,24408,0.006400794772021405,Energy,9.654481020916832e-06,nan
Mixed,2,Asym,ThirdOrder,ConsGalerkinProj,256,96409,0.0032206327947704866,Density,7.393735640871594e-07,nan
Mixed,2,Asym,ThirdOrder,ConsGalerkinProj,256,96409,0.0032206327947704866,Momentum_x,3.0891027811573654e-05,nan
Mixed,2,Asym,ThirdOrder,ConsGalerkinProj,256,96409,0.0032206327947704866,Momentum_y,3.0891027811573654e-05,nan
Mixed,2,Asym,ThirdOrder,ConsGalerkinProj,256,96409,0.0032206327947704866,Energy,1.5130395746712774e-06,nan
Mixed,2,Asym,ThirdOrder,NN,64,6073,0.012832118438741323,Density,1.3625670584645986e-05,nan
Mixed,2,Asym,ThirdOrder,NN,64,6073,0.012832118438741323,Momentum_x,0.0002725388547126074,nan
Mixed,2,Asym,ThirdOrder,NN,64,6073,0.012832118438741323,Momentum_y,0.0002725388547126074,nan
Mixed,2,Asym,ThirdOrder,NN,64,6073,0.012832118438741323,Energy,1.9947140124253533e-05,nan
Mixed,2,Asym,ThirdOrder,NN,128,24408,0.006400794772021405,Density,4.277892769203593e-06,nan
Mixed,2,Asym,ThirdOrder,NN,128,24408,0.006400794772021405,Momentum_x,0.00021163466981076172,nan
Mixed,2,Asym,ThirdOrder,NN,128,24408,0.006400794772021405,Momentum_y,0.00021163466981076172,nan
Mixed,2,Asym,ThirdOrder,NN,128,24408,0.006400794772021405,Energy,9.66257446686102e-06,nan
Mixed,2,Asym,ThirdOrder,NN,256,96409,0.0032206327947704866,Density,7.52894120864757e-07,nan
Mixed,2,Asym,ThirdOrder,NN,256,96409,0.0032206327947704866,Momentum_x,3.112600484559364e-05,nan
Mixed,2,Asym,ThirdOrder,NN,256,96409,0.0032206327947704866,Momentum_y,3.112600484559364e-05,nan
Mixed,2,Asym,ThirdOrder,NN,256,96409,0.0032206327947704866,Energy,1.53158188818646e-06,nan
Mixed,2,Constant,FirstOrder,NN,64,6073,0.012832118438741323,Density,5.551115123125781e-16,nan
Mixed,2,Constant,FirstOrder,NN,64,6073,0.012832118438741323,Momentum_x,1.1842378929335003e-16,nan
Mixed,2,Constant,FirstOrder,NN,64,6073,0.012832118438741323,Momentum_y,1.1842378929335003e-16,nan
Mixed,2,Constant,FirstOrder,NN,64,6073,0.012832118438741323,Energy,2.399386337271287e-16,nan
Mixed,2,Constant,FirstOrder,NN,128,24408,0.006400794772021405,Density,1.1102230246251567e-15,nan
Mixed,2,Constant,FirstOrder,NN,128,24408,0.006400794772021405,Momentum_x,3.552713678800501e-16,nan
Mixed,2,Constant,FirstOrder,NN,128,24408,0.006400794772021405,Momentum_y,3.552713678800501e-16,nan
Mixed,2,Constant,FirstOrder,NN,128,24408,0.006400794772021405,Energy,5.998465843178219e-16,nan
Mixed,2,Constant,FirstOrder,NN,256,96409,0.0032206327947704866,Density,1.6653345369377334e-15,nan
Mixed,2,Constant,FirstOrder,NN,256,96409,0.0032206327947704866,Momentum_x,1.302661682226851e-15,nan
Mixed,2,Constant,FirstOrder,NN,256,96409,0.0032206327947704866,Momentum_y,1.302661682226851e-15,nan
Mixed,2,Constant,FirstOrder,NN,256,96409,0.0032206327947704866,Energy,7.198159011813867e-16,nan
Mixed,2,Constant,SecondOrder,Barycentric,64,6073,0.012832118438741323,Density,5.551115123125781e-16,nan
Mixed,2,Constant,SecondOrder,Barycentric,64,6073,0.012832118438741323,Momentum_x,2.3684757858670006e-16,nan
Mixed,2,Constant,SecondOrder,Barycentric,64,6073,0.012832118438741323,Momentum_y,2.3684757858670006e-16,nan
Mixed,2,Constant,SecondOrder,Barycentric,64,6073,0.012832118438741323,Energy,1.1996931686356436e-16,nan
Mixed,2,Constant,SecondOrder,Barycentric,128,24408,0.006400794772021405,Density,1.1102230246251567e-15,nan
Mixed,2,Constant,SecondOrder,Barycentric,128,24408,0.006400794772021405,Momentum_x,2.368475785867001e-16,nan
Mixed,2,Constant,SecondOrder,Barycentric,128,24408,0.006400794772021405,Momentum_y,2.368475785867001e-16,nan
Mixed,2,Constant,SecondOrder,Barycentric,128,24408,0.006400794772021405,Energy,5.998465843178219e-16,nan
Mixed,2,Constant,SecondOrder,Barycentric,256,96409,0.0032206327947704866,Density,1.6653345369377334e-15,nan
Mixed,2,Constant,SecondOrder,Barycentric,256,96409,0.0032206327947704866,Momentum_x,1.302661682226851e-15,nan
Mixed,2,Constant,SecondOrder,Barycentric,256,96409,0.0032206327947704866,Momentum_y,1.302661682226851e-15,nan
Mixed,2,Constant,SecondOrder,Barycentric,256,96409,0.0032206327947704866,Energy,7.198159011813867e-16,nan
Mixed,2,Constant,SecondOrder,ConsGalerkinProj,64,6073,0.012832118438741323,Density,5.551115123125781e-16,nan
Mixed,2,Constant,SecondOrder,ConsGalerkinProj,64,6073,0.012832118438741323,Momentum_x,1.1842378929335003e-16,nan
Mixed,2,Constant,SecondOrder,ConsGalerkinProj,64,6073,0.012832118438741323,Momentum_y,1.1842378929335003e-16,nan
Mixed,2,Constant,SecondOrder,ConsGalerkinProj,64,6073,0.012832118438741323,Energy,2.399386337271287e-16,nan
Mixed,2,Constant,SecondOrder,ConsGalerkinProj,128,24408,0.006400794772021405,Density,1.1102230246251567e-15,nan
Mixed,2,Constant,SecondOrder,ConsGalerkinProj,128,24408,0.006400794772021405,Momentum_x,3.552713678800501e-16,nan
Mixed,2,Constant,SecondOrder,ConsGalerkinProj,128,24408,0.006400794772021405,Momentum_y,3.552713678800501e-16,nan
Mixed,2,Constant,SecondOrder,ConsGalerkinProj,128,24408,0.006400794772021405,Energy,5.998465843178219e-16,nan
Mixed,2,Constant,SecondOrder,ConsGalerkinProj,256,96409,0.0032206327947704866,Density,1.6653345369377334e-15,nan
Mixed,2,Constant,SecondOrder,ConsGalerkinProj,256,96409,0.0032206327947704866,Momentum_x,1.302661682226851e-15,nan
Mixed,2,Constant,SecondOrder,ConsGalerkinProj,256,96409,0.0032206327947704866,Momentum_y,1.302661682226851e-15,nan
Mixed,2,Constant,SecondOrder,ConsGalerkinProj,256,96409,0.0032206327947704866,Energy,7.198159011813867e-16,nan
Mixed,2,Constant,SecondOrder,NN,64,6073,0.012832118438741323,Density,5.551115123125781e-16,nan
Mixed,2,Constant,SecondOrder,NN,64,6073,0.012832118438741323,Momentum_x,1.1842378929335003e-16,nan
Mixed,2,Constant,SecondOrder,NN,64,6073,0.012832118438741323,Momentum_y,1.1842378929335003e-16,nan
Mixed,2,Constant,SecondOrder,NN,64,6073,0.012832118438741323,Energy,2.399386337271287e-16,nan
Mixed,2,Constant,SecondOrder,NN,128,24408,0.006400794772021405,Density,1.1102230246251567e-15,nan
Mixed,2,Constant,SecondOrder,NN,128,24408,0.006400794772021405,Momentum_x,3.552713678800501e-16,nan
Mixed,2,Constant,SecondOrder,NN,128,24408,0.006400794772021405,Momentum_y,3.552713678800501e-16,nan
Mixed,2,Constant,SecondOrder,NN,128,24408,0.006400794772021405,Energy,5.998465843178219e-16,nan
Mixed,2,Constant,SecondOrder,NN,256,96409,0.0032206327947704866,Density,1.6653345369377334e-15,nan
Mixed,2,Constant,SecondOrder,NN,256,96409,0.0032206327947704866,Momentum_x,1.302661682226851e-15,nan
Mixed,2,Constant,SecondOrder,NN,256,96409,0.0032206327947704866,Momentum_y,1.302661682226851e-15,nan
Mixed,2,Constant,SecondOrder,NN,256,96409,0.0032206327947704866,Energy,7.198159011813867e-16,nan
Mixed,2,Constant,ThirdOrder,Barycentric,64,6073,0.012832118438741323,Density,5.551115123125781e-16,nan
Mixed,2,Constant,ThirdOrder,Barycentric,64,6073,0.012832118438741323,Momentum_x,2.3684757858670006e-16,nan
Mixed,2,Constant,ThirdOrder,Barycentric,64,6073,0.012832118438741323,Momentum_y,2.3684757858670006e-16,nan
Mixed,2,Constant,ThirdOrder,Barycentric,64,6073,0.012832118438741323,Energy,1.1996931686356436e-16,nan
Mixed,2,Constant,ThirdOrder,Barycentric,128,24408,0.006400794772021405,Density,1.1102230246251567e-15,nan
Mixed,2,Constant,ThirdOrder,Barycentric,128,24408,0.006400794772021405,Momentum_x,2.368475785867001e-16,nan
Mixed,2,Constant,ThirdOrder,Barycentric,128,24408,0.006400794772021405,Momentum_y,2.368475785867001e-16,nan
Mixed,2,Constant,ThirdOrder,Barycentric,128,24408,0.006400794772021405,Energy,5.998465843178219e-16,nan
Mixed,2,Constant,ThirdOrder,Barycentric,256,96409,0.0032206327947704866,Density,1.6653345369377334e-15,nan
Mixed,2,Constant,ThirdOrder,Barycentric,256,96409,0.0032206327947704866,Momentum_x,1.302661682226851e-15,nan
Mixed,2,Constant,ThirdOrder,Barycentric,256,96409,0.0032206327947704866,Momentum_y,1.302661682226851e-15,nan
Mixed,2,Constant,ThirdOrder,Barycentric,256,96409,0.0032206327947704866,Energy,7.198159011813867e-16,nan
Mixed,2,Constant,ThirdOrder,ConsGalerkinProj,64,6073,0.012832118438741323,Density,5.551115123125781e-16,nan
Mixed,2,Constant,ThirdOrder,ConsGalerkinProj,64,6073,0.012832118438741323,Momentum_x,1.1842378929335003e-16,nan
Mixed,2,Constant,ThirdOrder,ConsGalerkinProj,64,6073,0.012832118438741323,Momentum_y,1.1842378929335003e-16,nan
Mixed,2,Constant,ThirdOrder,ConsGalerkinProj,64,6073,0.012832118438741323,Energy,2.399386337271287e-16,nan
Mixed,2,Constant,ThirdOrder,ConsGalerkinProj,128,24408,0.006400794772021405,Density,1.1102230246251567e-15,nan
Mixed,2,Constant,ThirdOrder,ConsGalerkinProj,128,24408,0.006400794772021405,Momentum_x,3.552713678800501e-16,nan
Mixed,2,Constant,ThirdOrder,ConsGalerkinProj,128,24408,0.006400794772021405,Momentum_y,3.552713678800501e-16,nan
Mixed,2,Constant,ThirdOrder,ConsGalerkinProj,128,24408,0.006400794772021405,Energy,5.998465843178219e-16,nan
Mixed,2,Constant,ThirdOrder,ConsGalerkinProj,256,96409,0.0032206327947704866,Density,1.6653345369377334e-15,nan
Mixed,2,Constant,ThirdOrder,ConsGalerkinProj,256,96409,0.0032206327947704866,Momentum_x,1.302661682226851e-15,nan
Mixed,2,Constant,ThirdOrder,ConsGalerkinProj,256,96409,0.0032206327947704866,Momentum_y,1.302661682226851e-15,nan
Mixed,2,Constant,ThirdOrder,ConsGalerkinProj,256,96409,0.0032206327947704866,Energy,7.198159011813867e-16,nan
Mixed,2,Constant,ThirdOrder,NN,64,6073,0.012832118438741323,Density,5.551115123125781e-16,nan
Mixed,2,Constant,ThirdOrder,NN,64,6073,0.012832118438741323,Momentum_x,1.1842378929335003e-16,nan
Mixed,2,Constant,ThirdOrder,NN,64,6073,0.012832118438741323,Momentum_y,1.1842378929335003e-16,nan
Mixed,2,Constant,ThirdOrder,NN,64,6073,0.012832118438741323,Energy,2.399386337271287e-16,nan
Mixed,2,Constant,ThirdOrder,NN,128,24408,0.006400794772021405,Density,1.1102230246251567e-15,nan
Mixed,2,Constant,ThirdOrder,NN,128,24408,0.006400794772021405,Momentum_x,3.552713678800501e-16,nan
Mixed,2,Constant,ThirdOrder,NN,128,24408,0.006400794772021405,Momentum_y,3.552713678800501e-16,nan
Mixed,2,Constant,ThirdOrder,NN,128,24408,0.006400794772021405,Energy,5.998465843178219e-16,nan
Mixed,2,Constant,ThirdOrder,NN,256,96409,0.0032206327947704866,Density,1.6653345369377334e-15,nan
Mixed,2,Constant,ThirdOrder,NN,256,96409,0.0032206327947704866,Momentum_x,1.302661682226851e-15,nan
Mixed,2,Constant,ThirdOrder,NN,256,96409,0.0032206327947704866,Momentum_y,1.302661682226851e-15,nan
Mixed,2,Constant,ThirdOrder,NN,256,96409,0.0032206327947704866,Energy,7.198159011813867e-16,nan
Mixed,2,Discontinuous,FirstOrder,NN,64,6073,0.012832118438741323,Density,0.0014676980816484752,nan
Mixed,2,Discontinuous,FirstOrder,NN,64,6073,0.012832118438741323,Momentum_x,0.01872580410505249,nan
Mixed,2,Discontinuous,FirstOrder,NN,64,6073,0.012832118438741323,Momentum_y,0.01872580410505249,nan
Mixed,2,Discontinuous,FirstOrder,NN,64,6073,0.012832118438741323,Energy,0.0031558166442180297,nan
Mixed,2,Discontinuous,FirstOrder,NN,128,24408,0.006400794772021405,Density,0.00028894614959367663,nan
Mixed,2,Discontinuous,FirstOrder,NN,128,24408,0.006400794772021405,Momentum_x,0.0037063209595063025,nan
Mixed,2,Discontinuous,FirstOrder,NN,128,24408,0.006400794772021405,Momentum_y,0.0037063209595063025,nan
Mixed,2,Discontinuous,FirstOrder,NN,128,24408,0.006400794772021405,Energy,0.0006210096740684317,nan
Mixed,2,Discontinuous,FirstOrder,NN,256,96409,0.0032206327947704866,Density,0.0001487715006545716,nan
Mixed,2,Discontinuous,FirstOrder,NN,256,96409,0.0032206327947704866,Momentum_x,0.0019273088897494206,nan
Mixed,2,Discontinuous,FirstOrder,NN,256,96409,0.0032206327947704866,Momentum_y,0.0019273088897494206,nan
Mixed,2,Discontinuous,FirstOrder,NN,256,96409,0.0032206327947704866,Energy,0.0003194811699429294,nan
Mixed,2,Discontinuous,SecondOrder,Barycentric,64,6073,0.012832118438741323,Density,0.0003565431962188001,nan
Mixed,2,Discontinuous,SecondOrder,Barycentric,64,6073,0.012832118438741323,Momentum_x,0.004548999641587024,nan
Mixed,2,Discontinuous,SecondOrder,Barycentric,64,6073,0.012832118438741323,Momentum_y,0.004548999641587024,nan
Mixed,2,Discontinuous,SecondOrder,Barycentric,64,6073,0.012832118438741323,Energy,0.0007666324342024009,nan
Mixed,2,Discontinuous,SecondOrder,Barycentric,128,24408,0.006400794772021405,Density,0.00032326622442075786,nan
Mixed,2,Discontinuous,SecondOrder,Barycentric,128,24408,0.006400794772021405,Momentum_x,0.004146545592594052,nan
Mixed,2,Discontinuous,SecondOrder,Barycentric,128,24408,0.006400794772021405,Momentum_y,0.004146545592594052,nan
Mixed,2,Discontinuous,SecondOrder,Barycentric,128,24408,0.006400794772021405,Energy,0.0006947711639377908,nan
Mixed,2,Discontinuous,SecondOrder,Barycentric,256,96409,0.0032206327947704866,Density,0.00013322027572422652,nan
Mixed,2,Discontinuous,SecondOrder,Barycentric,256,96409,0.0032206327947704866,Momentum_x,0.0017258454782642459,nan
Mixed,2,Discontinuous,SecondOrder,Barycentric,256,96409,0.0032206327947704866,Momentum_y,0.0017258454782642459,nan
Mixed,2,Discontinuous,SecondOrder,Barycentric,256,96409,0.0032206327947704866,Energy,0.00028608550267651613,nan
Mixed,2,Discontinuous,SecondOrder,ConsGalerkinProj,64,6073,0.012832118438741323,Density,6.452842562075041e-05,nan
Mixed,2,Discontinuous,SecondOrder,ConsGalerkinProj,64,6073,0.012832118438741323,Momentum_x,0.0008232937499264021,nan
Mixed,2,Discontinuous,SecondOrder,ConsGalerkinProj,64,6073,0.012832118438741323,Momentum_y,0.0008232937499264021,nan
Mixed,2,Discontinuous,SecondOrder,ConsGalerkinProj,64,6073,0.012832118438741323,Energy,0.0001387477998089034,nan
Mixed,2,Discontinuous,SecondOrder,ConsGalerkinProj,128,24408,0.006400794772021405,Density,0.00031046634561102923,nan
Mixed,2,Discontinuous,SecondOrder,ConsGalerkinProj,128,24408,0.006400794772021405,Momentum_x,0.0039823611616274755,nan
Mixed,2,Discontinuous,SecondOrder,ConsGalerkinProj,128,24408,0.006400794772021405,Momentum_y,0.0039823611616274755,nan
Mixed,2,Discontinuous,SecondOrder,ConsGalerkinProj,128,24408,0.006400794772021405,Energy,0.0006672613716124739,nan
Mixed,2,Discontinuous,SecondOrder,ConsGalerkinProj,256,96409,0.0032206327947704866,Density,0.00011869744230419372,nan
Mixed,2,Discontinuous,SecondOrder,ConsGalerkinProj,256,96409,0.0032206327947704866,Momentum_x,0.00153770469981275,nan
Mixed,2,Discontinuous,SecondOrder,ConsGalerkinProj,256,96409,0.0032206327947704866,Momentum_y,0.00153770469981275,nan
Mixed,2,Discontinuous,SecondOrder,ConsGalerkinProj,256,96409,0.0032206327947704866,Energy,0.0002548982672703512,nan
Mixed,2,Discontinuous,SecondOrder,NN,64,6073,0.012832118438741323,Density,0.0009229506841275962,nan
Mixed,2,Discontinuous,SecondOrder,NN,64,6073,0.012832118438741323,Momentum_x,0.01177557831934597,nan
Mixed,2,Discontinuous,SecondOrder,NN,64,6073,0.012832118438741323,Momentum_y,0.01177557831934597,nan
Mixed,2,Discontinuous,SecondOrder,NN,64,6073,0.012832118438741323,Energy,0.001984511097467465,nan
Mixed,2,Discontinuous,SecondOrder,NN,128,24408,0.006400794772021405,Density,7.395328240253726e-05,nan
Mixed,2,Discontinuous,SecondOrder,NN,128,24408,0.006400794772021405,Momentum_x,0.0009486009797027764,nan
Mixed,2,Discontinuous,SecondOrder,NN,128,24408,0.006400794772021405,Momentum_y,0.0009486009797027764,nan
Mixed,2,Discontinuous,SecondOrder,NN,128,24408,0.006400794772021405,Energy,0.00015894208614525992,nan
Mixed,2,Discontinuous,SecondOrder,NN,256,96409,0.0032206327947704866,Density,9.599971915320141e-05,nan
Mixed,2,Discontinuous,SecondOrder,NN,256,96409,0.0032206327947704866,Momentum_x,0.0012436596480173846,nan
Mixed,2,Discontinuous,SecondOrder,NN,256,96409,0.0032206327947704866,Momentum_y,0.0012436596480173846,nan
Mixed,2,Discontinuous,SecondOrder,NN,256,96409,0.0032206327947704866,Energy,0.00020615576541688202,nan
Mixed,2,Discontinuous,ThirdOrder,Barycentric,64,6073,0.012832118438741323,Density,0.0005817155145709902,nan
Mixed,2,Discontinuous,ThirdOrder,Barycentric,64,6073,0.012832118438741323,Momentum_x,0.0074218879938018,nan
Mixed,2,Discontinuous,ThirdOrder,Barycentric,64,6073,0.012832118438741323,Momentum_y,0.0074218879938018,nan
Mixed,2,Discontinuous,ThirdOrder,Barycentric,64,6073,0.012832118438741323,Energy,0.0012507936925407492,nan
Mixed,2,Discontinuous,ThirdOrder,Barycentric,128,24408,0.006400794772021405,Density,0.0002916242554324108,nan
Mixed,2,Discontinuous,ThirdOrder,Barycentric,128,24408,0.006400794772021405,Momentum_x,0.0037406731037949973,nan
Mixed,2,Discontinuous,ThirdOrder,Barycentric,128,24408,0.006400794772021405,Momentum_y,0.0037406731037949973,nan
Mixed,2,Discontinuous,ThirdOrder,Barycentric,128,24408,0.006400794772021405,Energy,0.000626765520407403,nan
Mixed,2,Discontinuous,ThirdOrder,Barycentric,256,96409,0.0032206327947704866,Density,0.00012486732515770154,nan
Mixed,2,Discontinuous,ThirdOrder,Barycentric,256,96409,0.0032206327947704866,Momentum_x,0.0016176344579263335,nan
Mixed,2,Discontinuous,ThirdOrder,Barycentric,256,96409,0.0032206327947704866,Momentum_y,0.0016176344579263335,nan
Mixed,2,Discontinuous,ThirdOrder,Barycentric,256,96409,0.0032206327947704866,Energy,0.000268147857309076,nan
Mixed,2,Discontinuous,ThirdOrder,ConsGalerkinProj,64,6073,0.012832118438741323,Density,0.0008082087108798462,nan
Mixed,2,Discontinuous,ThirdOrder,ConsGalerkinProj,64,6073,0.012832118438741323,Momentum_x,0.010311628928078628,nan
Mixed,2,Discontinuous,ThirdOrder,ConsGalerkinProj,64,6073,0.012832118438741323,Momentum_y,0.010311628928078628,nan
Mixed,2,Discontinuous,ThirdOrder,ConsGalerkinProj,64,6073,0.012832118438741323,Energy,0.0017377950777066557,nan
Mixed,2,Discontinuous,ThirdOrder,ConsGalerkinProj,128,24408,0.006400794772021405,Density,0.0003424788967305856,nan
Mixed,2,Discontinuous,ThirdOrder,ConsGalerkinProj,128,24408,0.006400794772021405,Momentum_x,0.004392987118808669,nan
Mixed,2,Discontinuous,ThirdOrder,ConsGalerkinProj,128,24408,0.006400794772021405,Momentum_y,0.004392987118808669,nan
Mixed,2,Discontinuous,ThirdOrder,ConsGalerkinProj,128,24408,0.006400794772021405,Energy,0.0007360634787119077,nan
Mixed,2,Discontinuous,ThirdOrder,ConsGalerkinProj,256,96409,0.0032206327947704866,Density,0.00012902060750744933,nan
Mixed,2,Discontinuous,ThirdOrder,ConsGalerkinProj,256,96409,0.0032206327947704866,Momentum_x,0.0016714395074823114,nan
Mixed,2,Discontinuous,ThirdOrder,ConsGalerkinProj,256,96409,0.0032206327947704866,Momentum_y,0.0016714395074823114,nan
Mixed,2,Discontinuous,ThirdOrder,ConsGalerkinProj,256,96409,0.0032206327947704866,Energy,0.00027706687404178656,nan
Mixed,2,Discontinuous,ThirdOrder,NN,64,6073,0.012832118438741323,Density,0.0008538831242866364,nan
Mixed,2,Discontinuous,ThirdOrder,NN,64,6073,0.012832118438741323,Momentum_x,0.010894371474583156,nan
Mixed,2,Discontinuous,ThirdOrder,NN,64,6073,0.012832118438741323,Momentum_y,0.010894371474583156,nan
Mixed,2,Discontinuous,ThirdOrder,NN,64,6073,0.012832118438741323,Energy,0.0018360033371555133,nan
Mixed,2,Discontinuous,ThirdOrder,NN,128,24408,0.006400794772021405,Density,0.00015788432416891153,nan
Mixed,2,Discontinuous,ThirdOrder,NN,128,24408,0.006400794772021405,Momentum_x,0.002025186979188981,nan
Mixed,2,Discontinuous,ThirdOrder,NN,128,24408,0.006400794772021405,Momentum_y,0.002025186979188981,nan
Mixed,2,Discontinuous,ThirdOrder,NN,128,24408,0.006400794772021405,Energy,0.00033932860095321326,nan
Mixed,2,Discontinuous,ThirdOrder,NN,256,96409,0.0032206327947704866,Density,0.0001594289867569781,nan
Mixed,2,Discontinuous,ThirdOrder,NN,256,96409,0.0032206327947704866,Momentum_x,0.0020653747667388287,nan
Mixed,2,Discontinuous,ThirdOrder,NN,256,96409,0.0032206327947704866,Momentum_y,0.0020653747667388287,nan
Mixed,2,Discontinuous,ThirdOrder,NN,256,96409,0.0032206327947704866,Energy,0.00034236771819979905,nan
Mixed,2,Linear,FirstOrder,NN,64,6073,0.012832118438741323,Density,2.5622110573829718e-05,nan
Mixed,2,Linear,FirstOrder,NN,64,6073,0.012832118438741323,Momentum_x,6.927073312062041e-05,nan
Mixed,2,Linear,FirstOrder,NN,64,6073,0.012832118438741323,Momentum_y,6.927073312062041e-05,nan
Mixed,2,Linear,FirstOrder,NN,64,6073,0.012832118438741323,Energy,7.179447350486128e-05,nan
Mixed,2,Linear,FirstOrder,NN,128,24408,0.006400794772021405,Density,2.46428491455682e-06,nan
Mixed,2,Linear,FirstOrder,NN,128,24408,0.006400794772021405,Momentum_x,9.012502107353848e-06,nan
Mixed,2,Linear,FirstOrder,NN,128,24408,0.006400794772021405,Momentum_y,9.012502107353848e-06,nan
Mixed,2,Linear,FirstOrder,NN,128,24408,0.006400794772021405,Energy,9.471044724462248e-06,nan
Mixed,2,Linear,FirstOrder,NN,256,96409,0.0032206327947704866,Density,3.297452641614788e-06,nan
Mixed,2,Linear,FirstOrder,NN,256,96409,0.0032206327947704866,Momentum_x,7.996918729505212e-06,nan
Mixed,2,Linear,FirstOrder,NN,256,96409,0.0032206327947704866,Momentum_y,7.996918729505212e-06,nan
Mixed,2,Linear,FirstOrder,NN,256,96409,0.0032206327947704866,Energy,8.268889438720562e-06,nan
Mixed,2,Linear,SecondOrder,Barycentric,64,6073,0.012832118438741323,Density,2.442734826731099e-06,nan
Mixed,2,Linear,SecondOrder,Barycentric,64,6073,0.012832118438741323,Momentum_x,3.1033002539364207e-06,nan
Mixed,2,Linear,SecondOrder,Barycentric,64,6073,0.012832118438741323,Momentum_y,3.1033002539364207e-06,nan
Mixed,2,Linear,SecondOrder,Barycentric,64,6073,0.012832118438741323,Energy,3.7101486507595606e-06,nan
Mixed,2,Linear,SecondOrder,Barycentric,128,24408,0.006400794772021405,Density,1.5957106132323386e-07,nan
Mixed,2,Linear,SecondOrder,Barycentric,128,24408,0.006400794772021405,Momentum_x,2.2206791488875914e-06,nan
Mixed,2,Linear,SecondOrder,Barycentric,128,24408,0.006400794772021405,Momentum_y,2.2206791488875914e-06,nan
Mixed,2,Linear,SecondOrder,Barycentric,128,24408,0.006400794772021405,Energy,2.392406348178965e-06,nan
Mixed,2,Linear,SecondOrder,Barycentric,256,96409,0.0032206327947704866,Density,1.9359747419373864e-09,nan
Mixed,2,Linear,SecondOrder,Barycentric,256,96409,0.0032206327947704866,Momentum_x,4.802169667121301e-07,nan
Mixed,2,Linear,SecondOrder,Barycentric,256,96409,0.0032206327947704866,Momentum_y,4.802169667121301e-07,nan
Mixed,2,Linear,SecondOrder,Barycentric,256,96409,0.0032206327947704866,Energy,5.230914831294561e-07,nan
Mixed,2,Linear,SecondOrder,ConsGalerkinProj,64,6073,0.012832118438741323,Density,2.4427348253741628e-06,nan
Mixed,2,Linear,SecondOrder,ConsGalerkinProj,64,6073,0.012832118438741323,Momentum_x,8.004773972718611e-06,nan
Mixed,2,Linear,SecondOrder,ConsGalerkinProj,64,6073,0.012832118438741323,Momentum_y,8.004773972718611e-06,nan
Mixed,2,Linear,SecondOrder,ConsGalerkinProj,64,6073,0.012832118438741323,Energy,8.376438566080813e-06,nan
Mixed,2,Linear,SecondOrder,ConsGalerkinProj,128,24408,0.006400794772021405,Density,1.5957106132323386e-07,nan
Mixed,2,Linear,SecondOrder,ConsGalerkinProj,128,24408,0.006400794772021405,Momentum_x,5.366829475122442e-07,nan
Mixed,2,Linear,SecondOrder,ConsGalerkinProj,128,24408,0.006400794772021405,Momentum_y,5.366829475122442e-07,nan
Mixed,2,Linear,SecondOrder,ConsGalerkinProj,128,24408,0.006400794772021405,Energy,6.067929129416501e-07,nan
Mixed,2,Linear,SecondOrder,ConsGalerkinProj,256,96409,0.0032206327947704866,Density,1.935976962383468e-09,nan
Mixed,2,Linear,SecondOrder,ConsGalerkinProj,256,96409,0.0032206327947704866,Momentum_x,2.1595983690772185e-07,nan
Mixed,2,Linear,SecondOrder,ConsGalerkinProj,256,96409,0.0032206327947704866,Momentum_y,2.1595983690772185e-07,nan
Mixed,2,Linear,SecondOrder,ConsGalerkinProj,256,96409,0.0032206327947704866,Energy,2.3423618343011357e-07,nan
Mixed,2,Linear,SecondOrder,NN,64,6073,0.012832118438741323,Density,2.442734826731099e-06,nan
Mixed,2,Linear,SecondOrder,NN,64,6073,0.012832118438741323,Momentum_x,6.919643027280185e-05,nan
Mixed,2,Linear,SecondOrder,NN,64,6073,0.012832118438741323,Momentum_y,6.919643027280185e-05,nan
Mixed,2,Linear,SecondOrder,NN,64,6073,0.012832118438741323,Energy,7.49285323227924e-05,nan
Mixed,2,Linear,SecondOrder,NN,128,24408,0.006400794772021405,Density,1.5957106132323386e-07,nan
Mixed,2,Linear,SecondOrder,NN,128,24408,0.006400794772021405,Momentum_x,1.618851181416415e-05,nan
Mixed,2,Linear,SecondOrder,NN,128,24408,0.006400794772021405,Momentum_y,1.618851181416415e-05,nan
Mixed,2,Linear,SecondOrder,NN,128,24408,0.006400794772021405,Energy,1.7634060386320856e-05,nan
Mixed,2,Linear,SecondOrder,NN,256,96409,0.0032206327947704866,Density,1.9359747419373864e-09,nan
Mixed,2,Linear,SecondOrder,NN,256,96409,0.0032206327947704866,Momentum_x,4.069999942226179e-06,nan
Mixed,2,Linear,SecondOrder,NN,256,96409,0.0032206327947704866,Momentum_y,4.069999942226179e-06,nan
Mixed,2,Linear,SecondOrder,NN,256,96409,0.0032206327947704866,Energy,4.426102228295981e-06,nan
Mixed,2,Linear,ThirdOrder,Barycentric,64,6073,0.012832118438741323,Density,2.442734826731099e-06,nan
Mixed,2,Linear,ThirdOrder,Barycentric,64,6073,0.012832118438741323,Momentum_x,4.543865582142665e-05,nan
Mixed,2,Linear,ThirdOrder,Barycentric,64,6073,0.012832118438741323,Momentum_y,4.543865582142665e-05,nan
Mixed,2,Linear,ThirdOrder,Barycentric,64,6073,0.012832118438741323,Energy,4.9101073845022195e-05,nan
Mixed,2,Linear,ThirdOrder,Barycentric,128,24408,0.006400794772021405,Density,1.5957106132323386e-07,nan
Mixed,2,Linear,ThirdOrder,Barycentric,128,24408,0.006400794772021405,Momentum_x,1.0030733665852878e-05,nan
Mixed,2,Linear,ThirdOrder,Barycentric,128,24408,0.006400794772021405,Momentum_y,1.0030733665852878e-05,nan
Mixed,2,Linear,ThirdOrder,Barycentric,128,24408,0.006400794772021405,Energy,1.0933729285963447e-05,nan
Mixed,2,Linear,ThirdOrder,Barycentric,256,96409,0.0032206327947704866,Density,1.9359747419373864e-09,nan
Mixed,2,Linear,ThirdOrder,Barycentric,256,96409,0.0032206327947704866,Momentum_x,2.546821283843497e-06,nan
Mixed,2,Linear,ThirdOrder,Barycentric,256,96409,0.0032206327947704866,Momentum_y,2.546821283843497e-06,nan
Mixed,2,Linear,ThirdOrder,Barycentric,256,96409,0.0032206327947704866,Energy,2.76958922748285e-06,nan
Mixed,2,Linear,ThirdOrder,ConsGalerkinProj,64,6073,0.012832118438741323,Density,2.442734834132569e-06,nan
Mixed,2,Linear,ThirdOrder,ConsGalerkinProj,64,6073,0.012832118438741323,Momentum_x,4.5438655818584654e-05,nan
Mixed,2,Linear,ThirdOrder,ConsGalerkinProj,64,6073,0.012832118438741323,Momentum_y,4.5438655818584654e-05,nan
Mixed,2,Linear,ThirdOrder,ConsGalerkinProj,64,6073,0.012832118438741323,Energy,4.9100799505498265e-05,nan
Mixed,2,Linear,ThirdOrder,ConsGalerkinProj,128,24408,0.006400794772021405,Density,1.595710475071227e-07,nan
Mixed,2,Linear,ThirdOrder,ConsGalerkinProj,128,24408,0.006400794772021405,Momentum_x,1.003073367336423e-05,nan
Mixed,2,Linear,ThirdOrder,ConsGalerkinProj,128,24408,0.006400794772021405,Momentum_y,1.003073367336423e-05,nan
Mixed,2,Linear,ThirdOrder,ConsGalerkinProj,128,24408,0.006400794772021405,Energy,1.0933720000974764e-05,nan
Mixed,2,Linear,ThirdOrder,ConsGalerkinProj,256,96409,0.0032206327947704866,Density,1.9359733849981144e-09,nan
Mixed,2,Linear,ThirdOrder,ConsGalerkinProj,256,96409,0.0032206327947704866,Momentum_x,2.5468212743019556e-06,nan
Mixed,2,Linear,ThirdOrder,ConsGalerkinProj,256,96409,0.0032206327947704866,Momentum_y,2.5468212743019556e-06,nan
Mixed,2,Linear,ThirdOrder,ConsGalerkinProj,256,96409,0.0032206327947704866,Energy,2.7695885750334196e-06,nan
Mixed,2,Linear,ThirdOrder,NN,64,6073,0.012832118438741323,Density,2.4427348268544566e-06,nan
Mixed,2,Linear,ThirdOrder,NN,64,6073,0.012832118438741323,Momentum_x,4.543865582142665e-05,nan
Mixed,2,Linear,ThirdOrder,NN,64,6073,0.012832118438741323,Momentum_y,4.543865582142665e-05,nan
Mixed,2,Linear,ThirdOrder,NN,64,6073,0.012832118438741323,Energy,4.9100431547726096e-05,nan
Mixed,2,Linear,ThirdOrder,NN,128,24408,0.006400794772021405,Density,1.5957106132323386e-07,nan
Mixed,2,Linear,ThirdOrder,NN,128,24408,0.006400794772021405,Momentum_x,1.0030733665852878e-05,nan
Mixed,2,Linear,ThirdOrder,NN,128,24408,0.006400794772021405,Momentum_y,1.0030733665852878e-05,nan
Mixed,2,Linear,ThirdOrder,NN,128,24408,0.006400794772021405,Energy,1.093376218665821e-05,nan
Mixed,2,Linear,ThirdOrder,NN,256,96409,0.0032206327947704866,Density,1.9359747419373864e-09,nan
Mixed,2,Linear,ThirdOrder,NN,256,96409,0.0032206327947704866,Momentum_x,2.546821283843497e-06,nan
Mixed,2,Linear,ThirdOrder,NN,256,96409,0.0032206327947704866,Momentum_y,2.546821283843497e-06,nan
Mixed,2,Linear,ThirdOrder,NN,256,96409,0.0032206327947704866,Energy,2.76959469901421e-06,nan
Struct,2,Asym,FirstOrder,NN,64,4096,0.015625,Density,9.211586824378575e-05,nan
Struct,2,Asym,FirstOrder,NN,64,4096,0.015625,Momentum_x,0.03149407911312655,nan
Struct,2,Asym,FirstOrder,NN,64,4096,0.015625,Momentum_y,0.03149407911312655,nan
Struct,2,Asym,FirstOrder,NN,64,4096,0.015625,Energy,0.000940316652231144,nan
Struct,2,Asym,FirstOrder,NN,128,16384,0.0078125,Density,4.6120887041533344e-05,nan
Struct,2,Asym,FirstOrder,NN,128,16384,0.0078125,Momentum_x,0.01568603137206447,nan
Struct,2,Asym,FirstOrder,NN,128,16384,0.0078125,Momentum_y,0.01568603137206447,nan
Struct,2,Asym,FirstOrder,NN,128,16384,0.0078125,Energy,0.00046879470838250416,nan
Struct,2,Asym,FirstOrder,NN,256,65536,0.00390625,Density,2.3044627368627963e-05,nan
Struct,2,Asym,FirstOrder,NN,256,65536,0.00390625,Momentum_x,0.007827758554405494,nan
Struct,2,Asym,FirstOrder,NN,256,65536,0.00390625,Momentum_y,0.007827758554405494,nan
Struct,2,Asym,FirstOrder,NN,256,65536,0.00390625,Energy,0.00023399639217595904,nan
Struct,2,Asym,SecondOrder,Barycentric,64,4096,0.015625,Density,3.54820398643399e-05,nan
Struct,2,Asym,SecondOrder,Barycentric,64,4096,0.015625,Momentum_x,0.0010515278507371999,nan
Struct,2,Asym,SecondOrder,Barycentric,64,4096,0.015625,Momentum_y,0.0010515278507371999,nan
Struct,2,Asym,SecondOrder,Barycentric,64,4096,0.015625,Energy,6.097251800129817e-05,nan
Struct,2,Asym,SecondOrder,Barycentric,128,16384,0.0078125,Density,8.800828711092603e-06,nan
Struct,2,Asym,SecondOrder,Barycentric,128,16384,0.0078125,Momentum_x,0.0002611022117957674,nan
Struct,2,Asym,SecondOrder,Barycentric,128,16384,0.0078125,Momentum_y,0.0002611022117957674,nan
Struct,2,Asym,SecondOrder,Barycentric,128,16384,0.0078125,Energy,1.5135021993770686e-05,nan
Struct,2,Asym,SecondOrder,Barycentric,256,65536,0.00390625,Density,2.191681992932399e-06,nan
Struct,2,Asym,SecondOrder,Barycentric,256,65536,0.00390625,Momentum_x,6.50680955229812e-05,nan
Struct,2,Asym,SecondOrder,Barycentric,256,65536,0.00390625,Momentum_y,6.50680955229812e-05,nan
Struct,2,Asym,SecondOrder,Barycentric,256,65536,0.00390625,Energy,3.7705635823852587e-06,nan
Struct,2,Asym,SecondOrder,ConsGalerkinProj,64,4096,0.015625,Density,4.234710733229049e-09,nan
Struct,2,Asym,SecondOrder,ConsGalerkinProj,64,4096,0.015625,Momentum_x,1.6531289916663187e-07,nan
Struct,2,Asym,SecondOrder,ConsGalerkinProj,64,4096,0.015625,Momentum_y,1.6531289916663187e-07,nan
Struct,2,Asym,SecondOrder,ConsGalerkinProj,64,4096,0.015625,Energy,8.342374183322162e-09,nan
Struct,2,Asym,SecondOrder,ConsGalerkinProj,128,16384,0.0078125,Density,1.3575206332109782e-10,nan
Struct,2,Asym,SecondOrder,ConsGalerkinProj,128,16384,0.0078125,Momentum_x,5.212040788718836e-09,nan
Struct,2,Asym,SecondOrder,ConsGalerkinProj,128,16384,0.0078125,Momentum_y,5.212040788718836e-09,nan
Struct,2,Asym,SecondOrder,ConsGalerkinProj,128,16384,0.0078125,Energy,2.651172759580673e-10,nan
Struct,2,Asym,SecondOrder,ConsGalerkinProj,256,65536,0.00390625,Density,4.258269737258224e-12,nan
Struct,2,Asym,SecondOrder,ConsGalerkinProj,256,65536,0.00390625,Momentum_x,1.6262266407861247e-10,nan
Struct,2,Asym,SecondOrder,ConsGalerkinProj,256,65536,0.00390625,Momentum_y,1.6262266407861247e-10,nan
Struct,2,Asym,SecondOrder,ConsGalerkinProj,256,65536,0.00390625,Energy,8.297187202597266e-12,nan
Struct,2,Asym,SecondOrder,NN,64,4096,0.015625,Density,2.4744697070789717e-05,nan
Struct,2,Asym,SecondOrder,NN,64,4096,0.015625,Momentum_x,0.0015289038493963454,nan
Struct,2,Asym,SecondOrder,NN,64,4096,0.015625,Momentum_y,0.0015289038493963454,nan
Struct,2,Asym,SecondOrder,NN,64,4096,0.015625,Energy,6.400423480876117e-05,nan
Struct,2,Asym,SecondOrder,NN,128,16384,0.0078125,Density,6.433567144253962e-06,nan
Struct,2,Asym,SecondOrder,NN,128,16384,0.0078125,Momentum_x,0.00023695437604724352,nan
Struct,2,Asym,SecondOrder,NN,128,16384,0.0078125,Momentum_y,0.00023695437604724352,nan
Struct,2,Asym,SecondOrder,NN,128,16384,0.0078125,Energy,1.2281916165581489e-05,nan
Struct,2,Asym,SecondOrder,NN,256,65536,0.00390625,Density,1.6352194663504911e-06,nan
Struct,2,Asym,SecondOrder,NN,256,65536,0.00390625,Momentum_x,4.0922332977116866e-05,nan
Struct,2,Asym,SecondOrder,NN,256,65536,0.00390625,Momentum_y,4.0922332977116866e-05,nan
Struct,2,Asym,SecondOrder,NN,256,65536,0.00390625,Energy,2.597466391842931e-06,nan
Struct,2,Asym,ThirdOrder,Barycentric,64,4096,0.015625,Density,1.7113392312080253e-05,nan
Struct,2,Asym,ThirdOrder,Barycentric,64,4096,0.015625,Momentum_x,0.0007104076241581985,nan
Struct,2,Asym,ThirdOrder,Barycentric,64,4096,0.015625,Momentum_y,0.0007104076241581985,nan
Struct,2,Asym,ThirdOrder,Barycentric,64,4096,0.015625,Energy,3.4836631095514826e-05,nan
Struct,2,Asym,ThirdOrder,Barycentric,128,16384,0.0078125,Density,3.881475623905233e-06,nan
Struct,2,Asym,ThirdOrder,Barycentric,128,16384,0.0078125,Momentum_x,0.0001495259024071438,nan
Struct,2,Asym,ThirdOrder,Barycentric,128,16384,0.0078125,Momentum_y,0.0001495259024071438,nan
Struct,2,Asym,ThirdOrder,Barycentric,128,16384,0.0078125,Energy,7.5923962075410514e-06,nan
Struct,2,Asym,ThirdOrder,Barycentric,256,65536,0.00390625,Density,9.305661316639917e-07,nan
Struct,2,Asym,ThirdOrder,Barycentric,256,65536,0.00390625,Momentum_x,3.548392840165776e-05,nan
Struct,2,Asym,ThirdOrder,Barycentric,256,65536,0.00390625,Momentum_y,3.548392840165776e-05,nan
Struct,2,Asym,ThirdOrder,Barycentric,256,65536,0.00390625,Energy,1.810783704903594e-06,nan
Struct,2,Asym,ThirdOrder,ConsGalerkinProj,64,4096,0.015625,Density,1.7560371711304347e-05,nan
Struct,2,Asym,ThirdOrder,ConsGalerkinProj,64,4096,0.015625,Momentum_x,0.0007613982135547822,nan
Struct,2,Asym,ThirdOrder,ConsGalerkinProj,64,4096,0.015625,Momentum_y,0.0007613982135547822,nan
Struct,2,Asym,ThirdOrder,ConsGalerkinProj,64,4096,0.015625,Energy,3.662489480243387e-05,nan
Struct,2,Asym,ThirdOrder,ConsGalerkinProj,128,16384,0.0078125,Density,3.912235324265678e-06,nan
Struct,2,Asym,ThirdOrder,ConsGalerkinProj,128,16384,0.0078125,Momentum_x,0.00015280173839076096,nan
Struct,2,Asym,ThirdOrder,ConsGalerkinProj,128,16384,0.0078125,Momentum_y,0.00015280173839076096,nan
Struct,2,Asym,ThirdOrder,ConsGalerkinProj,128,16384,0.0078125,Energy,7.708970304496505e-06,nan
Struct,2,Asym,ThirdOrder,ConsGalerkinProj,256,65536,0.00390625,Density,9.329349435980853e-07,nan
Struct,2,Asym,ThirdOrder,ConsGalerkinProj,256,65536,0.00390625,Momentum_x,3.572894204824949e-05,nan
Struct,2,Asym,ThirdOrder,ConsGalerkinProj,256,65536,0.00390625,Momentum_y,3.572894204824949e-05,nan
Struct,2,Asym,ThirdOrder,ConsGalerkinProj,256,65536,0.00390625,Energy,1.8195645116670755e-06,nan
Struct,2,Asym,ThirdOrder,NN,64,4096,0.015625,Density,1.6418646980554476e-05,nan
Struct,2,Asym,ThirdOrder,NN,64,4096,0.015625,Momentum_x,0.0005978789653741357,nan
Struct,2,Asym,ThirdOrder,NN,64,4096,0.015625,Momentum_y,0.0005978789653741357,nan
Struct,2,Asym,ThirdOrder,NN,64,4096,0.015625,Energy,1.4089555945141084e-06,nan
Struct,2,Asym,ThirdOrder,NN,128,16384,0.0078125,Density,3.83343177592946e-06,nan
Struct,2,Asym,ThirdOrder,NN,128,16384,0.0078125,Momentum_x,2.720256114388909e-05,nan
Struct,2,Asym,ThirdOrder,NN,128,16384,0.0078125,Momentum_y,2.720256114388909e-05,nan
Struct,2,Asym,ThirdOrder,NN,128,16384,0.0078125,Energy,2.742499415394351e-06,nan
Struct,2,Asym,ThirdOrder,NN,256,65536,0.00390625,Density,9.267141786416757e-07,nan
Struct,2,Asym,ThirdOrder,NN,256,65536,0.00390625,Momentum_x,1.2933091930475124e-05,nan
Struct,2,Asym,ThirdOrder,NN,256,65536,0.00390625,Momentum_y,1.2933091930475124e-05,nan
Struct,2,Asym,ThirdOrder,NN,256,65536,0.00390625,Energy,1.1944686498229186e-06,nan
Struct,2,Constant,FirstOrder,NN,64,4096,0.015625,Density,1.1102230246251518e-15,nan
Struct,2,Constant,FirstOrder,NN,64,4096,0.015625,Momentum_x,1.59872115546022e-14,nan
Struct,2,Constant,FirstOrder,NN,64,4096,0.015625,Momentum_y,1.59872115546022e-14,nan
Struct,2,Constant,FirstOrder,NN,64,4096,0.015625,Energy,1.259677827067424e-14,nan
Struct,2,Constant,FirstOrder,NN,128,16384,0.0078125,Density,8.511709855459507e-15,nan
Struct,2,Constant,FirstOrder,NN,128,16384,0.0078125,Momentum_x,3.363235615931183e-14,nan
Struct,2,Constant,FirstOrder,NN,128,16384,0.0078125,Momentum_y,3.363235615931183e-14,nan
Struct,2,Constant,FirstOrder,NN,128,16384,0.0078125,Energy,4.690800289365419e-14,nan
Struct,2,Constant,FirstOrder,NN,256,65536,0.00390625,Density,2.801462765470779e-13,nan
Struct,2,Constant,FirstOrder,NN,256,65536,0.00390625,Momentum_x,2.709536299031974e-13,nan
Struct,2,Constant,FirstOrder,NN,256,65536,0.00390625,Momentum_y,2.709536299031974e-13,nan
Struct,2,Constant,FirstOrder,NN,256,65536,0.00390625,Energy,2.833675264317555e-13,nan
Struct,2,Constant,SecondOrder,Barycentric,64,4096,0.015625,Density,1.1102230246251518e-15,nan
Struct,2,Constant,SecondOrder,Barycentric,64,4096,0.015625,Momentum_x,1.59872115546022e-14,nan
Struct,2,Constant,SecondOrder,Barycentric,64,4096,0.015625,Momentum_y,1.59872115546022e-14,nan
Struct,2,Constant,SecondOrder,Barycentric,64,4096,0.015625,Energy,1.2356839636947113e-14,nan
Struct,2,Constant,SecondOrder,Barycentric,128,16384,0.0078125,Density,8.511709855459507e-15,nan
Struct,2,Constant,SecondOrder,Barycentric,128,16384,0.0078125,Momentum_x,3.363235615931183e-14,nan
Struct,2,Constant,SecondOrder,Barycentric,128,16384,0.0078125,Momentum_y,3.363235615931183e-14,nan
Struct,2,Constant,SecondOrder,Barycentric,128,16384,0.0078125,Energy,4.678803357679063e-14,nan
Struct,2,Constant,SecondOrder,Barycentric,256,65536,0.00390625,Density,2.801462765470779e-13,nan
Struct,2,Constant,SecondOrder,Barycentric,256,65536,0.00390625,Momentum_x,2.709536299031974e-13,nan
Struct,2,Constant,SecondOrder,Barycentric,256,65536,0.00390625,Momentum_y,2.709536299031974e-13,nan
Struct,2,Constant,SecondOrder,Barycentric,256,65536,0.00390625,Energy,2.833675264317555e-13,nan
Struct,2,Constant,SecondOrder,ConsGalerkinProj,64,4096,0.015625,Density,1.1102230246251518e-15,nan
Struct,2,Constant,SecondOrder,ConsGalerkinProj,64,4096,0.015625,Momentum_x,1.59872115546022e-14,nan
Struct,2,Constant,SecondOrder,ConsGalerkinProj,64,4096,0.015625,Momentum_y,1.59872115546022e-14,nan
Struct,2,Constant,SecondOrder,ConsGalerkinProj,64,4096,0.015625,Energy,1.259677827067424e-14,nan
Struct,2,Constant,SecondOrder,ConsGalerkinProj,128,16384,0.0078125,Density,8.511709855459507e-15,nan
Struct,2,Constant,SecondOrder,ConsGalerkinProj,128,16384,0.0078125,Momentum_x,3.363235615931183e-14,nan
Struct,2,Constant,SecondOrder,ConsGalerkinProj,128,16384,0.0078125,Momentum_y,3.363235615931183e-14,nan
Struct,2,Constant,SecondOrder,ConsGalerkinProj,128,16384,0.0078125,Energy,4.690800289365419e-14,nan
Struct,2,Constant,SecondOrder,ConsGalerkinProj,256,65536,0.00390625,Density,2.801462765470779e-13,nan
Struct,2,Constant,SecondOrder,ConsGalerkinProj,256,65536,0.00390625,Momentum_x,2.709536299031974e-13,nan
Struct,2,Constant,SecondOrder,ConsGalerkinProj,256,65536,0.00390625,Momentum_y,2.709536299031974e-13,nan
Struct,2,Constant,SecondOrder,ConsGalerkinProj,256,65536,0.00390625,Energy,2.833675264317555e-13,nan
Struct,2,Constant,SecondOrder,NN,64,4096,0.015625,Density,1.1102230246251518e-15,nan
Struct,2,Constant,SecondOrder,NN,64,4096,0.015625,Momentum_x,1.59872115546022e-14,nan
Struct,2,Constant,SecondOrder,NN,64,4096,0.015625,Momentum_y,1.59872115546022e-14,nan
Struct,2,Constant,SecondOrder,NN,64,4096,0.015625,Energy,1.259677827067424e-14,nan
Struct,2,Constant,SecondOrder,NN,128,16384,0.0078125,Density,8.511709855459507e-15,nan
Struct,2,Constant,SecondOrder,NN,128,16384,0.0078125,Momentum_x,3.363235615931183e-14,nan
Struct,2,Constant,SecondOrder,NN,128,16384,0.0078125,Momentum_y,3.363235615931183e-14,nan
Struct,2,Constant,SecondOrder,NN,128,16384,0.0078125,Energy,4.690800289365419e-14,nan
Struct,2,Constant,SecondOrder,NN,256,65536,0.00390625,Density,2.801462765470779e-13,nan
Struct,2,Constant,SecondOrder,NN,256,65536,0.00390625,Momentum_x,2.709536299031974e-13,nan
Struct,2,Constant,SecondOrder,NN,256,65536,0.00390625,Momentum_y,2.709536299031974e-13,nan
Struct,2,Constant,SecondOrder,NN,256,65536,0.00390625,Energy,2.833675264317555e-13,nan
Struct,2,Constant,ThirdOrder,Barycentric,64,4096,0.015625,Density,1.1102230246251518e-15,nan
Struct,2,Constant,ThirdOrder,Barycentric,64,4096,0.015625,Momentum_x,1.59872115546022e-14,nan
Struct,2,Constant,ThirdOrder,Barycentric,64,4096,0.015625,Momentum_y,1.59872115546022e-14,nan
Struct,2,Constant,ThirdOrder,Barycentric,64,4096,0.015625,Energy,1.2356839636947113e-14,nan
Struct,2,Constant,ThirdOrder,Barycentric,128,16384,0.0078125,Density,8.511709855459507e-15,nan
Struct,2,Constant,ThirdOrder,Barycentric,128,16384,0.0078125,Momentum_x,3.363235615931183e-14,nan
Struct,2,Constant,ThirdOrder,Barycentric,128,16384,0.0078125,Momentum_y,3.363235615931183e-14,nan
Struct,2,Constant,ThirdOrder,Barycentric,128,16384,0.0078125,Energy,4.678803357679063e-14,nan
Struct,2,Constant,ThirdOrder,Barycentric,256,65536,0.00390625,Density,2.801462765470779e-13,nan
Struct,2,Constant,ThirdOrder,Barycentric,256,65536,0.00390625,Momentum_x,2.709536299031974e-13,nan
Struct,2,Constant,ThirdOrder,Barycentric,256,65536,0.00390625,Momentum_y,2.709536299031974e-13,nan
Struct,2,Constant,ThirdOrder,Barycentric,256,65536,0.00390625,Energy,2.833675264317555e-13,nan
Struct,2,Constant,ThirdOrder,ConsGalerkinProj,64,4096,0.015625,Density,1.1102230246251518e-15,nan
Struct,2,Constant,ThirdOrder,ConsGalerkinProj,64,4096,0.015625,Momentum_x,1.59872115546022e-14,nan
Struct,2,Constant,ThirdOrder,ConsGalerkinProj,64,4096,0.015625,Momentum_y,1.59872115546022e-14,nan
Struct,2,Constant,ThirdOrder,ConsGalerkinProj,64,4096,0.015625,Energy,1.259677827067424e-14,nan
Struct,2,Constant,ThirdOrder,ConsGalerkinProj,128,16384,0.0078125,Density,8.511709855459507e-15,nan
Struct,2,Constant,ThirdOrder,ConsGalerkinProj,128,16384,0.0078125,Momentum_x,3.363235615931183e-14,nan
Struct,2,Constant,ThirdOrder,ConsGalerkinProj,128,16384,0.0078125,Momentum_y,3.363235615931183e-14,nan
Struct,2,Constant,ThirdOrder,ConsGalerkinProj,128,16384,0.0078125,Energy,4.690800289365419e-14,nan
Struct,2,Constant,ThirdOrder,ConsGalerkinProj,256,65536,0.00390625,Density,2.801462765470779e-13,nan
Struct,2,Constant,ThirdOrder,ConsGalerkinProj,256,65536,0.00390625,Momentum_x,2.709536299031974e-13,nan
Struct,2,Constant,ThirdOrder,ConsGalerkinProj,256,65536,0.00390625,Momentum_y,2.709536299031974e-13,nan
Struct,2,Constant,ThirdOrder,ConsGalerkinProj,256,65536,0.00390625,Energy,2.833675264317555e-13,nan
Struct,2,Constant,ThirdOrder,NN,64,4096,0.015625,Density,1.1102230246251518e-15,nan
Struct,2,Constant,ThirdOrder,NN,64,4096,0.015625,Momentum_x,1.59872115546022e-14,nan
Struct,2,Constant,ThirdOrder,NN,64,4096,0.015625,Momentum_y,1.59872115546022e-14,nan
Struct,2,Constant,ThirdOrder,NN,64,4096,0.015625,Energy,1.259677827067424e-14,nan
Struct,2,Constant,ThirdOrder,NN,128,16384,0.0078125,Density,8.511709855459507e-15,nan
Struct,2,Constant,ThirdOrder,NN,128,16384,0.0078125,Momentum_x,3.363235615931183e-14,nan
Struct,2,Constant,ThirdOrder,NN,128,16384,0.0078125,Momentum_y,3.363235615931183e-14,nan
Struct,2,Constant,ThirdOrder,NN,128,16384,0.0078125,Energy,4.690800289365419e-14,nan
Struct,2,Constant,ThirdOrder,NN,256,65536,0.00390625,Density,2.801462765470779e-13,nan
Struct,2,Constant,ThirdOrder,NN,256,65536,0.00390625,Momentum_x,2.709536299031974e-13,nan
Struct,2,Constant,ThirdOrder,NN,256,65536,0.00390625,Momentum_y,2.709536299031974e-13,nan
Struct,2,Constant,ThirdOrder,NN,256,65536,0.00390625,Energy,2.833675264317555e-13,nan
Struct,2,Discontinuous,FirstOrder,NN,64,4096,0.015625,Density,0.008856973632416155,nan
Struct,2,Discontinuous,FirstOrder,NN,64,4096,0.015625,Momentum_x,0.11331840905771261,nan
Struct,2,Discontinuous,FirstOrder,NN,64,4096,0.015625,Momentum_y,0.11331840905771261,nan
Struct,2,Discontinuous,FirstOrder,NN,64,4096,0.015625,Energy,0.01903966372038172,nan
Struct,2,Discontinuous,FirstOrder,NN,128,16384,0.0078125,Density,0.004458284119448926,nan
Struct,2,Discontinuous,FirstOrder,NN,128,16384,0.0078125,Momentum_x,0.06051697782699791,nan
Struct,2,Discontinuous,FirstOrder,NN,128,16384,0.0078125,Momentum_y,0.06051697782699791,nan
Struct,2,Discontinuous,FirstOrder,NN,128,16384,0.0078125,Energy,0.009538218128531128,nan
Struct,2,Discontinuous,FirstOrder,NN,256,65536,0.00390625,Density,0.0022077310571063844,nan
Struct,2,Discontinuous,FirstOrder,NN,256,65536,0.00390625,Momentum_x,0.028693478855825134,nan
Struct,2,Discontinuous,FirstOrder,NN,256,65536,0.00390625,Momentum_y,0.028693478855825134,nan
Struct,2,Discontinuous,FirstOrder,NN,256,65536,0.00390625,Energy,0.004739759712115087,nan
Struct,2,Discontinuous,SecondOrder,Barycentric,64,4096,0.015625,Density,9.533585397596878e-05,nan
Struct,2,Discontinuous,SecondOrder,Barycentric,64,4096,0.015625,Momentum_x,0.0012197515479103326,nan
Struct,2,Discontinuous,SecondOrder,Barycentric,64,4096,0.015625,Momentum_y,0.0012197515479103326,nan
Struct,2,Discontinuous,SecondOrder,Barycentric,64,4096,0.015625,Energy,0.0002049416285452358,nan
Struct,2,Discontinuous,SecondOrder,Barycentric,128,16384,0.0078125,Density,2.1837101951670465e-05,nan
Struct,2,Discontinuous,SecondOrder,Barycentric,128,16384,0.0078125,Momentum_x,0.0002964179444744587,nan
Struct,2,Discontinuous,SecondOrder,Barycentric,128,16384,0.0078125,Momentum_y,0.0002964179444744587,nan
Struct,2,Discontinuous,SecondOrder,Barycentric,128,16384,0.0078125,Energy,4.671910447017206e-05,nan
Struct,2,Discontinuous,SecondOrder,Barycentric,256,65536,0.00390625,Density,5.357478647215323e-06,nan
Struct,2,Discontinuous,SecondOrder,Barycentric,256,65536,0.00390625,Momentum_x,6.963017772765096e-05,nan
Struct,2,Discontinuous,SecondOrder,Barycentric,256,65536,0.00390625,Momentum_y,6.963017772765096e-05,nan
Struct,2,Discontinuous,SecondOrder,Barycentric,256,65536,0.00390625,Energy,1.1501927193177198e-05,nan
Struct,2,Discontinuous,SecondOrder,ConsGalerkinProj,64,4096,0.015625,Density,5.851990821896033e-15,nan
Struct,2,Discontinuous,SecondOrder,ConsGalerkinProj,64,4096,0.015625,Momentum_x,4.492312954377956e-14,nan
Struct,2,Discontinuous,SecondOrder,ConsGalerkinProj,64,4096,0.015625,Momentum_y,4.492312954377956e-14,nan
Struct,2,Discontinuous,SecondOrder,ConsGalerkinProj,64,4096,0.015625,Energy,5.8828300695307e-15,nan
Struct,2,Discontinuous,SecondOrder,ConsGalerkinProj,128,16384,0.0078125,Density,1.4569049303309222e-15,nan
Struct,2,Discontinuous,SecondOrder,ConsGalerkinProj,128,16384,0.0078125,Momentum_x,3.638802845331917e-14,nan
Struct,2,Discontinuous,SecondOrder,ConsGalerkinProj,128,16384,0.0078125,Momentum_y,3.638802845331917e-14,nan
Struct,2,Discontinuous,SecondOrder,ConsGalerkinProj,128,16384,0.0078125,Energy,2.2381269950590634e-14,nan
Struct,2,Discontinuous,SecondOrder,ConsGalerkinProj,256,65536,0.00390625,Density,7.120734416499728e-14,nan
Struct,2,Discontinuous,SecondOrder,ConsGalerkinProj,256,65536,0.00390625,Momentum_x,4.0817322202415884e-13,nan
Struct,2,Discontinuous,SecondOrder,ConsGalerkinProj,256,65536,0.00390625,Momentum_y,4.0817322202415884e-13,nan
Struct,2,Discontinuous,SecondOrder,ConsGalerkinProj,256,65536,0.00390625,Energy,1.8930839984425388e-14,nan
Struct,2,Discontinuous,SecondOrder,NN,64,4096,0.015625,Density,0.000210317977052893,nan
Struct,2,Discontinuous,SecondOrder,NN,64,4096,0.015625,Momentum_x,0.002690862538852489,nan
Struct,2,Discontinuous,SecondOrder,NN,64,4096,0.015625,Momentum_y,0.002690862538852489,nan
Struct,2,Discontinuous,SecondOrder,NN,64,4096,0.015625,Energy,0.00045211645914691994,nan
Struct,2,Discontinuous,SecondOrder,NN,128,16384,0.0078125,Density,5.258752236227629e-05,nan
Struct,2,Discontinuous,SecondOrder,NN,128,16384,0.0078125,Momentum_x,0.000713825731941705,nan
Struct,2,Discontinuous,SecondOrder,NN,128,16384,0.0078125,Momentum_y,0.000713825731941705,nan
Struct,2,Discontinuous,SecondOrder,NN,128,16384,0.0078125,Energy,0.00011250769254023223,nan
Struct,2,Discontinuous,SecondOrder,NN,256,65536,0.00390625,Density,1.2978148468994704e-05,nan
Struct,2,Discontinuous,SecondOrder,NN,256,65536,0.00390625,Momentum_x,0.00016867463681263334,nan
Struct,2,Discontinuous,SecondOrder,NN,256,65536,0.00390625,Momentum_y,0.00016867463681263334,nan
Struct,2,Discontinuous,SecondOrder,NN,256,65536,0.00390625,Energy,2.786268077519068e-05,nan
Struct,2,Discontinuous,ThirdOrder,Barycentric,64,4096,0.015625,Density,7.334985706485007e-06,nan
Struct,2,Discontinuous,ThirdOrder,Barycentric,64,4096,0.015625,Momentum_x,9.384570220282943e-05,nan
Struct,2,Discontinuous,ThirdOrder,Barycentric,64,4096,0.015625,Momentum_y,9.384570220282943e-05,nan
Struct,2,Discontinuous,ThirdOrder,Barycentric,64,4096,0.015625,Energy,1.576787591601986e-05,nan
Struct,2,Discontinuous,ThirdOrder,Barycentric,128,16384,0.0078125,Density,8.80077780825582e-07,nan
Struct,2,Discontinuous,ThirdOrder,Barycentric,128,16384,0.0078125,Momentum_x,1.194622104456551e-05,nan
Struct,2,Discontinuous,ThirdOrder,Barycentric,128,16384,0.0078125,Momentum_y,1.194622104456551e-05,nan
Struct,2,Discontinuous,ThirdOrder,Barycentric,128,16384,0.0078125,Energy,1.8828709606091591e-06,nan
Struct,2,Discontinuous,ThirdOrder,Barycentric,256,65536,0.00390625,Density,1.0915549414121437e-07,nan
Struct,2,Discontinuous,ThirdOrder,Barycentric,256,65536,0.00390625,Momentum_x,1.4186765472446113e-06,nan
Struct,2,Discontinuous,ThirdOrder,Barycentric,256,65536,0.00390625,Momentum_y,1.4186765472446113e-06,nan
Struct,2,Discontinuous,ThirdOrder,Barycentric,256,65536,0.00390625,Energy,2.3434523504688076e-07,nan
Struct,2,Discontinuous,ThirdOrder,ConsGalerkinProj,64,4096,0.015625,Density,5.1012598185432136e-06,nan
Struct,2,Discontinuous,ThirdOrder,ConsGalerkinProj,64,4096,0.015625,Momentum_x,6.526683653233972e-05,nan
Struct,2,Discontinuous,ThirdOrder,ConsGalerkinProj,64,4096,0.015625,Momentum_y,6.526683653233972e-05,nan
Struct,2,Discontinuous,ThirdOrder,ConsGalerkinProj,64,4096,0.015625,Energy,1.0966078906858928e-05,nan
Struct,2,Discontinuous,ThirdOrder,ConsGalerkinProj,128,16384,0.0078125,Density,4.831337311794976e-07,nan
Struct,2,Discontinuous,ThirdOrder,ConsGalerkinProj,128,16384,0.0078125,Momentum_x,6.558082402426004e-06,nan
Struct,2,Discontinuous,ThirdOrder,ConsGalerkinProj,128,16384,0.0078125,Momentum_y,6.558082402426004e-06,nan
Struct,2,Discontinuous,ThirdOrder,ConsGalerkinProj,128,16384,0.0078125,Energy,1.0336341754580512e-06,nan
Struct,2,Discontinuous,ThirdOrder,ConsGalerkinProj,256,65536,0.00390625,Density,5.203334844706746e-08,nan
Struct,2,Discontinuous,ThirdOrder,ConsGalerkinProj,256,65536,0.00390625,Momentum_x,6.762670391955027e-07,nan
Struct,2,Discontinuous,ThirdOrder,ConsGalerkinProj,256,65536,0.00390625,Momentum_y,6.762670391955027e-07,nan
Struct,2,Discontinuous,ThirdOrder,ConsGalerkinProj,256,65536,0.00390625,Energy,1.117097967103279e-07,nan
Struct,2,Discontinuous,ThirdOrder,NN,64,4096,0.015625,Density,4.445223354230042e-06,nan
Struct,2,Discontinuous,ThirdOrder,NN,64,4096,0.015625,Momentum_x,5.6873336025880057e-05,nan
Struct,2,Discontinuous,ThirdOrder,NN,64,4096,0.015625,Momentum_y,5.6873336025880057e-05,nan
Struct,2,Discontinuous,ThirdOrder,NN,64,4096,0.015625,Energy,9.555810067840454e-06,nan
Struct,2,Discontinuous,ThirdOrder,NN,128,16384,0.0078125,Density,5.517357834095765e-07,nan
Struct,2,Discontinuous,ThirdOrder,NN,128,16384,0.0078125,Momentum_x,7.489289881295501e-06,nan
Struct,2,Discontinuous,ThirdOrder,NN,128,16384,0.0078125,Momentum_y,7.489289881295501e-06,nan
Struct,2,Discontinuous,ThirdOrder,NN,128,16384,0.0078125,Energy,1.1804039307870268e-06,nan
Struct,2,Discontinuous,ThirdOrder,NN,256,65536,0.00390625,Density,6.783724271465725e-08,nan
Struct,2,Discontinuous,ThirdOrder,NN,256,65536,0.00390625,Momentum_x,8.816708059950276e-07,nan
Struct,2,Discontinuous,ThirdOrder,NN,256,65536,0.00390625,Momentum_y,8.816708059950276e-07,nan
Struct,2,Discontinuous,ThirdOrder,NN,256,65536,0.00390625,Energy,1.4563942024634602e-07,nan
Struct,2,Linear,FirstOrder,NN,64,4096,0.015625,Density,4.934324553889584e-16,nan
Struct,2,Linear,FirstOrder,NN,64,4096,0.015625,Momentum_x,0.001132522871652104,nan
Struct,2,Linear,FirstOrder,NN,64,4096,0.015625,Momentum_y,0.001132522871652104,nan
Struct,2,Linear,FirstOrder,NN,64,4096,0.015625,Energy,0.0012319360275256741,nan
Struct,2,Linear,FirstOrder,NN,128,16384,0.0078125,Density,0.0,nan
Struct,2,Linear,FirstOrder,NN,128,16384,0.0078125,Momentum_x,0.0005622778715532246,nan
Struct,2,Linear,FirstOrder,NN,128,16384,0.0078125,Momentum_y,0.0005622778715532246,nan
Struct,2,Linear,FirstOrder,NN,128,16384,0.0078125,Energy,0.0006116377954957699,nan
Struct,2,Linear,FirstOrder,NN,256,65536,0.00390625,Density,4.440892098500627e-15,nan
Struct,2,Linear,FirstOrder,NN,256,65536,0.00390625,Momentum_x,0.00028009343743928307,nan
Struct,2,Linear,FirstOrder,NN,256,65536,0.00390625,Momentum_y,0.00028009343743928307,nan
Struct,2,Linear,FirstOrder,NN,256,65536,0.00390625,Energy,0.000304681982542861,nan
Struct,2,Linear,SecondOrder,Barycentric,64,4096,0.015625,Density,2.467162276944792e-16,nan
Struct,2,Linear,SecondOrder,Barycentric,64,4096,0.015625,Momentum_x,1.7976553518612806e-05,nan
Struct,2,Linear,SecondOrder,Barycentric,64,4096,0.015625,Momentum_y,1.7976553518612806e-05,nan
Struct,2,Linear,SecondOrder,Barycentric,64,4096,0.015625,Energy,1.955454011897133e-05,nan
Struct,2,Linear,SecondOrder,Barycentric,128,16384,0.0078125,Density,1.233581138472396e-16,nan
Struct,2,Linear,SecondOrder,Barycentric,128,16384,0.0078125,Momentum_x,4.427384811915788e-06,nan
Struct,2,Linear,SecondOrder,Barycentric,128,16384,0.0078125,Momentum_y,4.427384811915788e-06,nan
Struct,2,Linear,SecondOrder,Barycentric,128,16384,0.0078125,Energy,4.816045637175659e-06,nan
Struct,2,Linear,SecondOrder,Barycentric,256,65536,0.00390625,Density,1.6036554800141152e-15,nan
Struct,2,Linear,SecondOrder,Barycentric,256,65536,0.00390625,Momentum_x,1.0984056523994808e-06,nan
Struct,2,Linear,SecondOrder,Barycentric,256,65536,0.00390625,Momentum_y,1.0984056523994808e-06,nan
Struct,2,Linear,SecondOrder,Barycentric,256,65536,0.00390625,Energy,1.1948313010884947e-06,nan
Struct,2,Linear,SecondOrder,ConsGalerkinProj,64,4096,0.015625,Density,1.233581138472396e-15,nan
Struct,2,Linear,SecondOrder,ConsGalerkinProj,64,4096,0.015625,Momentum_x,7.773774786283655e-11,nan
Struct,2,Linear,SecondOrder,ConsGalerkinProj,64,4096,0.015625,Momentum_y,7.773774786283655e-11,nan
Struct,2,Linear,SecondOrder,ConsGalerkinProj,64,4096,0.015625,Energy,8.45613765762854e-11,nan
Struct,2,Linear,SecondOrder,ConsGalerkinProj,128,16384,0.0078125,Density,6.16790569236198e-16,nan
Struct,2,Linear,SecondOrder,ConsGalerkinProj,128,16384,0.0078125,Momentum_x,2.3693128658292733e-12,nan
Struct,2,Linear,SecondOrder,ConsGalerkinProj,128,16384,0.0078125,Momentum_y,2.3693128658292733e-12,nan
Struct,2,Linear,SecondOrder,ConsGalerkinProj,128,16384,0.0078125,Energy,2.583513304139615e-12,nan
Struct,2,Linear,SecondOrder,ConsGalerkinProj,256,65536,0.00390625,Density,5.4277570092785435e-15,nan
Struct,2,Linear,SecondOrder,ConsGalerkinProj,256,65536,0.00390625,Momentum_x,7.836236610979902e-14,nan
Struct,2,Linear,SecondOrder,ConsGalerkinProj,256,65536,0.00390625,Momentum_y,7.836236610979902e-14,nan
Struct,2,Linear,SecondOrder,ConsGalerkinProj,256,65536,0.00390625,Energy,8.478602925787747e-14,nan
Struct,2,Linear,SecondOrder,NN,64,4096,0.015625,Density,1.233581138472396e-16,nan
Struct,2,Linear,SecondOrder,NN,64,4096,0.015625,Momentum_x,8.651216380519036e-05,nan
Struct,2,Linear,SecondOrder,NN,64,4096,0.015625,Momentum_y,8.651216380519036e-05,nan
Struct,2,Linear,SecondOrder,NN,64,4096,0.015625,Energy,9.410622432479517e-05,nan
Struct,2,Linear,SecondOrder,NN,128,16384,0.0078125,Density,2.467162276944792e-16,nan
Struct,2,Linear,SecondOrder,NN,128,16384,0.0078125,Momentum_x,2.172185674849081e-05,nan
Struct,2,Linear,SecondOrder,NN,128,16384,0.0078125,Momentum_y,2.172185674849081e-05,nan
Struct,2,Linear,SecondOrder,NN,128,16384,0.0078125,Energy,2.362872388456301e-05,nan
Struct,2,Linear,SecondOrder,NN,256,65536,0.00390625,Density,1.6036554800141152e-15,nan
Struct,2,Linear,SecondOrder,NN,256,65536,0.00390625,Momentum_x,5.440540423024523e-06,nan
Struct,2,Linear,SecondOrder,NN,256,65536,0.00390625,Momentum_y,5.440540423024523e-06,nan
Struct,2,Linear,SecondOrder,NN,256,65536,0.00390625,Energy,5.918148792481103e-06,nan
Struct,2,Linear,ThirdOrder,Barycentric,64,4096,0.015625,Density,1.233581138472396e-16,nan
Struct,2,Linear,ThirdOrder,Barycentric,64,4096,0.015625,Momentum_x,5.632653435857725e-05,nan
Struct,2,Linear,ThirdOrder,Barycentric,64,4096,0.015625,Momentum_y,5.632653435857725e-05,nan
Struct,2,Linear,ThirdOrder,Barycentric,64,4096,0.015625,Energy,6.127089237499725e-05,nan
Struct,2,Linear,ThirdOrder,Barycentric,128,16384,0.0078125,Density,2.467162276944792e-16,nan
Struct,2,Linear,ThirdOrder,Barycentric,128,16384,0.0078125,Momentum_x,1.3567792181644996e-05,nan
Struct,2,Linear,ThirdOrder,Barycentric,128,16384,0.0078125,Momentum_y,1.3567792181644996e-05,nan
Struct,2,Linear,ThirdOrder,Barycentric,128,16384,0.0078125,Energy,1.4758849523746842e-05,nan
Struct,2,Linear,ThirdOrder,Barycentric,256,65536,0.00390625,Density,1.6036554800141152e-15,nan
Struct,2,Linear,ThirdOrder,Barycentric,256,65536,0.00390625,Momentum_x,3.3300869169352507e-06,nan
Struct,2,Linear,ThirdOrder,Barycentric,256,65536,0.00390625,Momentum_y,3.3300869169352507e-06,nan
Struct,2,Linear,ThirdOrder,Barycentric,256,65536,0.00390625,Energy,3.6224250593627433e-06,nan
Struct,2,Linear,ThirdOrder,ConsGalerkinProj,64,4096,0.015625,Density,1.3692750637043595e-14,nan
Struct,2,Linear,ThirdOrder,ConsGalerkinProj,64,4096,0.015625,Momentum_x,5.6326534380500945e-05,nan
Struct,2,Linear,ThirdOrder,ConsGalerkinProj,64,4096,0.015625,Momentum_y,5.6326534380500945e-05,nan
Struct,2,Linear,ThirdOrder,ConsGalerkinProj,64,4096,0.015625,Energy,6.127089239599029e-05,nan
Struct,2,Linear,ThirdOrder,ConsGalerkinProj,128,16384,0.0078125,Density,4.934324553889584e-16,nan
Struct,2,Linear,ThirdOrder,ConsGalerkinProj,128,16384,0.0078125,Momentum_x,1.3567792182254022e-05,nan
Struct,2,Linear,ThirdOrder,ConsGalerkinProj,128,16384,0.0078125,Momentum_y,1.3567792182254022e-05,nan
Struct,2,Linear,ThirdOrder,ConsGalerkinProj,128,16384,0.0078125,Energy,1.4758849525967396e-05,nan
Struct,2,Linear,ThirdOrder,ConsGalerkinProj,256,65536,0.00390625,Density,2.7138785046392718e-15,nan
Struct,2,Linear,ThirdOrder,ConsGalerkinProj,256,65536,0.00390625,Momentum_x,3.330086920386443e-06,nan
Struct,2,Linear,ThirdOrder,ConsGalerkinProj,256,65536,0.00390625,Momentum_y,3.330086920386443e-06,nan
Struct,2,Linear,ThirdOrder,ConsGalerkinProj,256,65536,0.00390625,Energy,3.6224250732918766e-06,nan
Struct,2,Linear,ThirdOrder,NN,64,4096,0.015625,Density,1.233581138472396e-16,nan
Struct,2,Linear,ThirdOrder,NN,64,4096,0.015625,Momentum_x,5.632653435857725e-05,nan
Struct,2,Linear,ThirdOrder,NN,64,4096,0.015625,Momentum_y,5.632653435857725e-05,nan
Struct,2,Linear,ThirdOrder,NN,64,4096,0.015625,Energy,6.12708923762084e-05,nan
Struct,2,Linear,ThirdOrder,NN,128,16384,0.0078125,Density,2.467162276944792e-16,nan
Struct,2,Linear,ThirdOrder,NN,128,16384,0.0078125,Momentum_x,1.3567792181644996e-05,nan
Struct,2,Linear,ThirdOrder,NN,128,16384,0.0078125,Momentum_y,1.3567792181644996e-05,nan
Struct,2,Linear,ThirdOrder,NN,128,16384,0.0078125,Energy,1.4758849523544974e-05,nan
Struct,2,Linear,ThirdOrder,NN,256,65536,0.00390625,Density,1.4802973661668755e-15,nan
Struct,2,Linear,ThirdOrder,NN,256,65536,0.00390625,Momentum_x,3.330086917138262e-06,nan
Struct,2,Linear,ThirdOrder,NN,256,65536,0.00390625,Momentum_y,3.330086917138262e-06,nan
Struct,2,Linear,ThirdOrder,NN,256,65536,0.00390625,Energy,3.622425074099363e-06,nan
