seed,event_step,SA_WD_0.01-20_ConsGalerkinProj_Drift_Second,SA_WD_0.01-20_NN_Drift_Second,SST_WD_0.01-20_ConsGalerkinProj_Drift_Second,SST_WD_0.01-20_NN_Drift_Second,identical_across_cases
1,00009,c0aa928b58a5cdcf,c0aa928b58a5cdcf,c0aa928b58a5cdcf,c0aa928b58a5cdcf,yes
1,00019,bcd21f9260d7e47b,bcd21f9260d7e47b,bcd21f9260d7e47b,bcd21f9260d7e47b,yes
1,00029,deffd0f0b717ac93,deffd0f0b717ac93,deffd0f0b717ac93,deffd0f0b717ac93,yes
1,00039,0ae2fa90e4605825,0ae2fa90e4605825,0ae2fa90e4605825,0ae2fa90e4605825,yes
1,00049,b9ffc6fae40d9fb3,b9ffc6fae40d9fb3,b9ffc6fae40d9fb3,b9ffc6fae40d9fb3,yes
1,00059,e86c8c3ada018a18,e86c8c3ada018a18,e86c8c3ada018a18,e86c8c3ada018a18,yes
1,00069,cc51198295556245,cc51198295556245,cc51198295556245,cc51198295556245,yes
1,00079,eaff2e3058f826bb,eaff2e3058f826bb,eaff2e3058f826bb,eaff2e3058f826bb,yes
1,00089,53c0cc7236c5356e,53c0cc7236c5356e,53c0cc7236c5356e,53c0cc7236c5356e,yes
1,00099,12d8146934555cd3,12d8146934555cd3,12d8146934555cd3,12d8146934555cd3,yes
1,00109,890cc7d6c4018da0,890cc7d6c4018da0,890cc7d6c4018da0,890cc7d6c4018da0,yes
1,00119,437543acc2133f40,437543acc2133f40,437543acc2133f40,437543acc2133f40,yes
1,00129,add7a4923ff06b19,add7a4923ff06b19,add7a4923ff06b19,add7a4923ff06b19,yes
1,00139,da504fd1e4b0c2b2,da504fd1e4b0c2b2,da504fd1e4b0c2b2,da504fd1e4b0c2b2,yes
1,00149,3e1e45f48c72ff1a,3e1e45f48c72ff1a,3e1e45f48c72ff1a,3e1e45f48c72ff1a,yes
1,00159,e5135023190fb7f0,e5135023190fb7f0,e5135023190fb7f0,e5135023190fb7f0,yes
1,00169,8d4c9b78bae921c9,8d4c9b78bae921c9,8d4c9b78bae921c9,8d4c9b78bae921c9,yes
1,00179,e384de20ad828721,e384de20ad828721,e384de20ad828721,e384de20ad828721,yes
1,00189,1ce2c8c1bca0954c,1ce2c8c1bca0954c,1ce2c8c1bca0954c,1ce2c8c1bca0954c,yes
1,00199,7f765e8dbcae4904,7f765e8dbcae4904,7f765e8dbcae4904,7f765e8dbcae4904,yes
1,00209,e350dde72374863f,e350dde72374863f,e350dde72374863f,e350dde72374863f,yes
1,00219,cf4b464f5e9b69dc,cf4b464f5e9b69dc,cf4b464f5e9b69dc,cf4b464f5e9b69dc,yes
1,00229,89f4d2bddd1377ab,89f4d2bddd1377ab,89f4d2bddd1377ab,89f4d2bddd1377ab,yes
1,00239,b5a106ee8cf907bf,b5a106ee8cf907bf,b5a106ee8cf907bf,b5a106ee8cf907bf,yes
1,00249,d6f009c783730ea6,d6f009c783730ea6,d6f009c783730ea6,d6f009c783730ea6,yes
1,00259,b9dc4f7bcfab223b,b9dc4f7bcfab223b,b9dc4f7bcfab223b,b9dc4f7bcfab223b,yes
1,00269,5f73bae638292688,5f73bae638292688,5f73bae638292688,5f73bae638292688,yes
1,00279,e68755167d2c8735,e68755167d2c8735,e68755167d2c8735,e68755167d2c8735,yes
1,00289,24ff7f3e19ed529f,24ff7f3e19ed529f,24ff7f3e19ed529f,24ff7f3e19ed529f,yes
1,00299,aade1bbaeba0c332,aade1bbaeba0c332,aade1bbaeba0c332,aade1bbaeba0c332,yes
1,00309,d9a946b68740f25b,d9a946b68740f25b,d9a946b68740f25b,d9a946b68740f25b,yes
1,00319,5badb95c6beed2c2,5badb95c6beed2c2,5badb95c6beed2c2,5badb95c6beed2c2,yes
1,00329,18b1106008d85cfd,18b1106008d85cfd,18b1106008d85cfd,18b1106008d85cfd,yes
1,00339,cce91ee974f1c341,cce91ee974f1c341,cce91ee974f1c341,cce91ee974f1c341,yes
1,00349,bb33fe88cb8d07b3,bb33fe88cb8d07b3,bb33fe88cb8d07b3,bb33fe88cb8d07b3,yes
1,00359,6018667de7813c12,6018667de7813c12,6018667de7813c12,6018667de7813c12,yes
1,00369,ed4253ab4b61bae4,ed4253ab4b61bae4,ed4253ab4b61bae4,ed4253ab4b61bae4,yes
1,00379,b2459db5294b1045,b2459db5294b1045,b2459db5294b1045,b2459db5294b1045,yes
1,00389,e893d5659492c7ed,e893d5659492c7ed,e893d5659492c7ed,e893d5659492c7ed,yes
1,00399,109cee37b4ff663a,109cee37b4ff663a,109cee37b4ff663a,109cee37b4ff663a,yes
2,00009,00d0054b7ba7b644,00d0054b7ba7b644,00d0054b7ba7b644,00d0054b7ba7b644,yes
2,00019,d18b7dfd7f1f20a2,d18b7dfd7f1f20a2,d18b7dfd7f1f20a2,d18b7dfd7f1f20a2,yes
2,00029,6d49e9fb0401afb7,6d49e9fb0401afb7,6d49e9fb0401afb7,6d49e9fb0401afb7,yes
2,00039,189ef6bd73c5ebb4,189ef6bd73c5ebb4,189ef6bd73c5ebb4,189ef6bd73c5ebb4,yes
2,00049,2caa0798b3af5969,2caa0798b3af5969,2caa0798b3af5969,2caa0798b3af5969,yes
2,00059,9d1ef5c60fbb025f,9d1ef5c60fbb025f,9d1ef5c60fbb025f,9d1ef5c60fbb025f,yes
2,00069,af0a3e06c5658aca,af0a3e06c5658aca,af0a3e06c5658aca,af0a3e06c5658aca,yes
2,00079,e1723a0f3387a2fd,e1723a0f3387a2fd,e1723a0f3387a2fd,e1723a0f3387a2fd,yes
2,00089,0fa77a84464b0540,0fa77a84464b0540,0fa77a84464b0540,0fa77a84464b0540,yes
2,00099,c2c6ed1e5ecc662a,c2c6ed1e5ecc662a,c2c6ed1e5ecc662a,c2c6ed1e5ecc662a,yes
2,00109,d67a9aad002294d3,d67a9aad002294d3,d67a9aad002294d3,d67a9aad002294d3,yes
2,00119,7d8dc951bbf37dce,7d8dc951bbf37dce,7d8dc951bbf37dce,7d8dc951bbf37dce,yes
2,00129,12f2fda05862afc0,12f2fda05862afc0,12f2fda05862afc0,12f2fda05862afc0,yes
2,00139,a3b6bd61f5771a53,a3b6bd61f5771a53,a3b6bd61f5771a53,a3b6bd61f5771a53,yes
2,00149,b22c522b6e6ffcea,b22c522b6e6ffcea,b22c522b6e6ffcea,b22c522b6e6ffcea,yes
2,00159,414b9445138bb4b1,414b9445138bb4b1,414b9445138bb4b1,414b9445138bb4b1,yes
2,00169,c66e2b65dff56cc5,c66e2b65dff56cc5,c66e2b65dff56cc5,c66e2b65dff56cc5,yes
2,00179,acc8d7bec3c12a71,acc8d7bec3c12a71,acc8d7bec3c12a71,acc8d7bec3c12a71,yes
2,00189,71b18ca0369ffc7c,71b18ca0369ffc7c,71b18ca0369ffc7c,71b18ca0369ffc7c,yes
2,00199,fb02b3d9dba8fbef,fb02b3d9dba8fbef,fb02b3d9dba8fbef,fb02b3d9dba8fbef,yes
2,00209,14ce7f4d7f49f04f,14ce7f4d7f49f04f,14ce7f4d7f49f04f,14ce7f4d7f49f04f,yes
2,00219,aed195fadfc86be2,aed195fadfc86be2,aed195fadfc86be2,aed195fadfc86be2,yes
2,00229,e529fcaa26526824,e529fcaa26526824,e529fcaa26526824,e529fcaa26526824,yes
2,00239,bfd110ce86ddf1e1,bfd110ce86ddf1e1,bfd110ce86ddf1e1,bfd110ce86ddf1e1,yes
2,00249,b10430b9ca5a910e,b10430b9ca5a910e,b10430b9ca5a910e,b10430b9ca5a910e,yes
2,00259,45bc9008f5877947,45bc9008f5877947,45bc9008f5877947,45bc9008f5877947,yes
2,00269,3c5dcd1b5445c059,3c5dcd1b5445c059,3c5dcd1b5445c059,3c5dcd1b5445c059,yes
2,00279,c4057bd0f4f5c427,c4057bd0f4f5c427,c4057bd0f4f5c427,c4057bd0f4f5c427,yes
2,00289,2ce7e9f2f1dbc9f4,2ce7e9f2f1dbc9f4,2ce7e9f2f1dbc9f4,2ce7e9f2f1dbc9f4,yes
2,00299,0077ccd105a328fe,0077ccd105a328fe,0077ccd105a328fe,0077ccd105a328fe,yes
2,00309,42eadacdb066bb48,42eadacdb066bb48,42eadacdb066bb48,42eadacdb066bb48,yes
2,00319,0f294b86e5e578d7,0f294b86e5e578d7,0f294b86e5e578d7,0f294b86e5e578d7,yes
2,00329,8901a962ccbbd27e,8901a962ccbbd27e,8901a962ccbbd27e,8901a962ccbbd27e,yes
2,00339,a138100387c0fa53,a138100387c0fa53,a138100387c0fa53,a138100387c0fa53,yes
2,00349,aa646c35d1f3a58f,aa646c35d1f3a58f,aa646c35d1f3a58f,aa646c35d1f3a58f,yes
2,00359,b423b3578bf08382,b423b3578bf08382,b423b3578bf08382,b423b3578bf08382,yes
2,00369,8b7234dcd2c8bd2a,8b7234dcd2c8bd2a,8b7234dcd2c8bd2a,8b7234dcd2c8bd2a,yes
2,00379,16803e5ac3b7cd12,16803e5ac3b7cd12,16803e5ac3b7cd12,16803e5ac3b7cd12,yes
2,00389,de8d929849145efb,de8d929849145efb,de8d929849145efb,de8d929849145efb,yes
2,00399,fd025f7cf075e043,fd025f7cf075e043,fd025f7cf075e043,fd025f7cf075e043,yes
