case,model,method,coeff,n_steps,first_step,last_step,ref_mean,offset,scatter,max_abs_dev,trend_per_100,trend_stderr,resolved,trend_pct_per_100,at_breakdown_rounding,lag1_autocorr,trend_stderr_ar1,n_eff,resolved_ar1
RANS_SA_WD_0.01-20_ConsGalerkinProj_Drift_Second,SA,ConsGalerkinProj,CL,398,2,399,6.762569e-01,7.232e-05,2.098e-04,8.266e-04,-6.742e-05,8.53e-06,yes,-0.0100,no,0.939,4.82e-05,12,no
RANS_SA_WD_0.01-20_ConsGalerkinProj_Drift_Second,SA,ConsGalerkinProj,CD,398,2,399,1.022935e-02,5.923e-05,2.544e-05,1.269e-04,-1.252e-06,1.11e-06,no,-0.0122,no,0.930,5.84e-06,14,no
RANS_SA_WD_0.01-20_ConsGalerkinProj_Drift_Second,SA,ConsGalerkinProj,CDp,398,2,399,3.559000e-03,5.684e-05,2.556e-05,1.250e-04,-1.345e-06,1.12e-06,no,-0.0378,no,0.931,5.88e-06,14,no
RANS_SA_WD_0.01-20_ConsGalerkinProj_Drift_Second,SA,ConsGalerkinProj,CDv,398,2,399,6.671000e-03,1.754e-06,1.418e-06,6.000e-06,6.331e-08,6.19e-08,no,0.0009,no,0.970,5.01e-07,6,no
RANS_SA_WD_0.01-20_ConsGalerkinProj_Drift_Second,SA,ConsGalerkinProj,CMz,398,2,399,6.708957e-04,2.747e-05,9.099e-05,3.358e-04,-1.892e-05,3.86e-06,yes,-2.8196,no,0.919,1.89e-05,17,no
RANS_SA_WD_0.01-20_ConsGalerkinProj_Drift_Seed2_Second,SA,ConsGalerkinProj,CL,398,2,399,6.762569e-01,-3.523e-05,2.148e-04,6.303e-04,-2.051e-05,9.34e-06,yes,-0.0030,no,0.940,5.30e-05,12,no
RANS_SA_WD_0.01-20_ConsGalerkinProj_Drift_Seed2_Second,SA,ConsGalerkinProj,CD,398,2,399,1.022935e-02,5.580e-05,2.397e-05,1.200e-04,3.983e-06,1.03e-06,yes,0.0389,no,0.919,5.01e-06,17,no
RANS_SA_WD_0.01-20_ConsGalerkinProj_Drift_Seed2_Second,SA,ConsGalerkinProj,CDp,398,2,399,3.559000e-03,5.430e-05,2.381e-05,1.170e-04,4.274e-06,1.02e-06,yes,0.1201,no,0.917,4.90e-06,17,no
RANS_SA_WD_0.01-20_ConsGalerkinProj_Drift_Seed2_Second,SA,ConsGalerkinProj,CDv,398,2,399,6.671000e-03,8.317e-07,2.563e-06,1.300e-05,-3.362e-07,1.11e-07,yes,-0.0050,no,0.986,1.34e-06,3,no
RANS_SA_WD_0.01-20_ConsGalerkinProj_Drift_Seed2_Second,SA,ConsGalerkinProj,CMz,398,2,399,6.708957e-04,9.099e-06,9.410e-05,2.779e-04,-2.344e-06,4.11e-06,no,-0.3494,no,0.919,2.00e-05,17,no
RANS_SA_WD_0.01-20_NN_Drift_Second,SA,NN,CL,398,2,399,6.762569e-01,5.929e-05,2.111e-04,7.782e-04,-6.585e-05,8.62e-06,yes,-0.0097,no,0.943,5.02e-05,12,no
RANS_SA_WD_0.01-20_NN_Drift_Second,SA,NN,CD,398,2,399,1.022935e-02,5.819e-05,2.587e-05,1.241e-04,-6.967e-07,1.13e-06,no,-0.0068,no,0.935,6.16e-06,13,no
RANS_SA_WD_0.01-20_NN_Drift_Second,SA,NN,CDp,398,2,399,3.559000e-03,5.591e-05,2.591e-05,1.220e-04,-7.605e-07,1.13e-06,no,-0.0214,no,0.935,6.18e-06,13,no
RANS_SA_WD_0.01-20_NN_Drift_Second,SA,NN,CDv,398,2,399,6.671000e-03,1.646e-06,1.424e-06,6.000e-06,2.040e-08,6.23e-08,no,0.0003,no,0.969,4.96e-07,6,no
RANS_SA_WD_0.01-20_NN_Drift_Second,SA,NN,CMz,398,2,399,6.708957e-04,2.489e-05,9.139e-05,3.258e-04,-1.807e-05,3.89e-06,yes,-2.6933,no,0.923,1.94e-05,16,no
RANS_SA_WD_0.01-20_NN_Drift_Seed2_Second,SA,NN,CL,398,2,399,6.762569e-01,-2.451e-05,2.117e-04,6.536e-04,-1.511e-05,9.23e-06,no,-0.0022,no,0.941,5.29e-05,12,no
RANS_SA_WD_0.01-20_NN_Drift_Seed2_Second,SA,NN,CD,398,2,399,1.022935e-02,5.621e-05,2.331e-05,1.167e-04,3.790e-06,1.00e-06,yes,0.0371,no,0.918,4.84e-06,17,no
RANS_SA_WD_0.01-20_NN_Drift_Seed2_Second,SA,NN,CDp,398,2,399,3.559000e-03,5.461e-05,2.321e-05,1.160e-04,4.190e-06,9.93e-07,yes,0.1177,no,0.916,4.74e-06,17,no
RANS_SA_WD_0.01-20_NN_Drift_Seed2_Second,SA,NN,CDv,398,2,399,6.671000e-03,9.271e-07,2.869e-06,1.400e-05,-4.292e-07,1.24e-07,yes,-0.0064,no,0.988,1.59e-06,2,no
RANS_SA_WD_0.01-20_NN_Drift_Seed2_Second,SA,NN,CMz,398,2,399,6.708957e-04,1.183e-05,9.401e-05,2.734e-04,4.530e-08,4.11e-06,no,0.0068,no,0.920,2.02e-05,17,no
RANS_SST_WD_0.01-20_ConsGalerkinProj_Drift_Second,SST,ConsGalerkinProj,CL,398,2,399,6.756033e-01,-9.986e-05,2.423e-04,8.247e-04,-7.922e-05,9.82e-06,yes,-0.0117,no,0.935,5.37e-05,13,no
RANS_SST_WD_0.01-20_ConsGalerkinProj_Drift_Second,SST,ConsGalerkinProj,CD,398,2,399,9.858431e-03,6.000e-05,2.992e-05,1.369e-04,1.864e-06,1.31e-06,no,0.0189,no,0.929,6.80e-06,15,no
RANS_SST_WD_0.01-20_ConsGalerkinProj_Drift_Second,SST,ConsGalerkinProj,CDp,398,2,399,3.469000e-03,5.997e-05,2.987e-05,1.360e-04,1.809e-06,1.30e-06,no,0.0521,no,0.929,6.79e-06,15,no
RANS_SST_WD_0.01-20_ConsGalerkinProj_Drift_Second,SST,ConsGalerkinProj,CDv,398,2,399,6.389000e-03,4.221e-07,1.231e-06,3.000e-06,1.247e-07,5.35e-08,yes,0.0020,yes,0.961,3.81e-07,8,no
RANS_SST_WD_0.01-20_ConsGalerkinProj_Drift_Second,SST,ConsGalerkinProj,CMz,398,2,399,3.819379e-04,-4.037e-06,1.050e-04,3.285e-04,-1.779e-05,4.50e-06,yes,-4.6587,no,0.918,2.18e-05,17,no
RANS_SST_WD_0.01-20_ConsGalerkinProj_Drift_Seed2_Second,SST,ConsGalerkinProj,CL,398,2,399,6.756033e-01,-2.035e-04,2.748e-04,1.010e-03,-7.879e-05,1.13e-05,yes,-0.0117,no,0.939,6.39e-05,13,no
RANS_SST_WD_0.01-20_ConsGalerkinProj_Drift_Seed2_Second,SST,ConsGalerkinProj,CD,398,2,399,9.858431e-03,5.845e-05,3.072e-05,1.288e-04,3.075e-06,1.33e-06,yes,0.0312,no,0.927,6.88e-06,15,no
RANS_SST_WD_0.01-20_ConsGalerkinProj_Drift_Seed2_Second,SST,ConsGalerkinProj,CDp,398,2,399,3.469000e-03,5.858e-05,3.086e-05,1.290e-04,2.916e-06,1.34e-06,yes,0.0841,no,0.927,6.92e-06,15,no
RANS_SST_WD_0.01-20_ConsGalerkinProj_Drift_Seed2_Second,SST,ConsGalerkinProj,CDv,398,2,399,6.389000e-03,3.040e-07,2.697e-06,1.400e-05,1.862e-07,1.18e-07,no,0.0029,no,0.979,1.15e-06,4,no
RANS_SST_WD_0.01-20_ConsGalerkinProj_Drift_Seed2_Second,SST,ConsGalerkinProj,CMz,398,2,399,3.819379e-04,-2.311e-05,1.153e-04,3.458e-04,-1.512e-05,4.99e-06,yes,-3.9598,no,0.921,2.47e-05,16,no
RANS_SST_WD_0.01-20_NN_Drift_Second,SST,NN,CL,398,2,399,6.756033e-01,-9.703e-05,2.456e-04,8.222e-04,-7.924e-05,9.98e-06,yes,-0.0117,no,0.935,5.45e-05,13,no
RANS_SST_WD_0.01-20_NN_Drift_Second,SST,NN,CD,398,2,399,9.858431e-03,6.069e-05,3.041e-05,1.375e-04,1.730e-06,1.33e-06,no,0.0176,no,0.928,6.85e-06,15,no
RANS_SST_WD_0.01-20_NN_Drift_Second,SST,NN,CDp,398,2,399,3.469000e-03,6.054e-05,3.042e-05,1.370e-04,1.667e-06,1.33e-06,no,0.0480,no,0.928,6.85e-06,15,no
RANS_SST_WD_0.01-20_NN_Drift_Second,SST,NN,CDv,398,2,399,6.389000e-03,5.628e-07,1.311e-06,4.000e-06,5.680e-08,5.73e-08,no,0.0009,yes,0.962,4.11e-07,8,no
RANS_SST_WD_0.01-20_NN_Drift_Second,SST,NN,CMz,398,2,399,3.819379e-04,-1.994e-06,1.067e-04,3.230e-04,-1.711e-05,4.59e-06,yes,-4.4789,no,0.918,2.22e-05,17,no
RANS_SST_WD_0.01-20_NN_Drift_Seed2_Second,SST,NN,CL,398,2,399,6.756033e-01,-1.963e-04,2.530e-04,9.459e-04,-5.603e-05,1.07e-05,yes,-0.0083,no,0.936,5.89e-05,13,no
RANS_SST_WD_0.01-20_NN_Drift_Seed2_Second,SST,NN,CD,398,2,399,9.858431e-03,5.937e-05,2.990e-05,1.311e-04,4.743e-06,1.29e-06,yes,0.0481,no,0.930,6.77e-06,14,no
RANS_SST_WD_0.01-20_NN_Drift_Seed2_Second,SST,NN,CDp,398,2,399,3.469000e-03,6.007e-05,2.976e-05,1.300e-04,5.068e-06,1.28e-06,yes,0.1461,no,0.929,6.64e-06,15,no
RANS_SST_WD_0.01-20_NN_Drift_Seed2_Second,SST,NN,CDv,398,2,399,6.389000e-03,-3.116e-07,2.026e-06,8.000e-06,-2.996e-07,8.73e-08,yes,-0.0047,no,0.979,8.45e-07,4,no
RANS_SST_WD_0.01-20_NN_Drift_Seed2_Second,SST,NN,CMz,398,2,399,3.819379e-04,-1.881e-05,1.086e-04,3.446e-04,-7.450e-06,4.74e-06,no,-1.9505,no,0.919,2.30e-05,17,no
