setting,quantity,coeff,n_steps,first,last,rms,max_abs,endpoint,rms_of_L0_signal,rms_change_over_L0_rms,max_change_over_L0_max
L0,GP2,CL,39,2,40,3.6293e-05,8.3788e-05,9.8277e-06,,,
L0,GP2,CD,39,2,40,1.5578e-05,3.5820e-05,-7.5906e-06,,,
L0,GP2,CDp,39,2,40,1.5569e-05,3.5800e-05,-7.6182e-06,,,
L0,GP2,CDv,39,2,40,1.5276e-08,3.1061e-08,3.1061e-08,,,
L0,NN2,CL,39,2,40,3.7307e-05,9.8781e-05,3.2288e-05,,,
L0,NN2,CD,39,2,40,1.5509e-05,3.7337e-05,-4.2760e-07,,,
L0,NN2,CDp,39,2,40,1.5499e-05,3.7309e-05,-4.5460e-07,,,
L0,NN2,CDv,39,2,40,1.5764e-08,2.9812e-08,2.9500e-08,,,
L0,P,CL,39,2,40,1.1420e-05,2.5377e-05,2.2461e-05,,,
L0,P,CD,39,2,40,5.6867e-06,1.3268e-05,7.1630e-06,,,
L0,P,CDp,39,2,40,5.6865e-06,1.3266e-05,7.1636e-06,,,
L0,P,CDv,39,2,40,1.0242e-09,2.5687e-09,-1.5607e-09,,,
L1,GP2,CL,38,2,39,1.0447e-04,2.3360e-04,-2.2863e-04,,,
L1,GP2,CD,38,2,39,1.2661e-05,2.9369e-05,-8.3648e-06,,,
L1,GP2,CDp,38,2,39,1.2582e-05,2.9225e-05,-7.8747e-06,,,
L1,GP2,CDv,38,2,39,1.3711e-07,4.9314e-07,-4.9314e-07,,,
L1,NN2,CL,38,2,39,1.1328e-04,2.4828e-04,-2.3620e-04,,,
L1,NN2,CD,38,2,39,1.3317e-05,3.0233e-05,-8.5143e-06,,,
L1,NN2,CDp,38,2,39,1.3242e-05,3.0088e-05,-8.0290e-06,,,
L1,NN2,CDv,38,2,39,1.3442e-07,4.8745e-07,-4.8745e-07,,,
L1,P,CL,38,2,39,1.1112e-05,2.9864e-05,-7.5730e-06,,,
L1,P,CD,38,2,39,1.9631e-06,8.0467e-06,-1.4952e-07,,,
L1,P,CDp,38,2,39,1.9601e-06,8.0277e-06,-1.5434e-07,,,
L1,P,CDv,38,2,39,6.2862e-09,2.9999e-08,5.6840e-09,,,
L2,GP2,CL,38,2,39,1.6556e-04,3.9257e-04,-2.6537e-04,,,
L2,GP2,CD,38,2,39,2.7073e-05,9.8762e-05,-5.2990e-06,,,
L2,GP2,CDp,38,2,39,2.7289e-05,9.9198e-05,-3.6344e-06,,,
L2,GP2,CDv,38,2,39,6.8841e-07,1.6807e-06,-1.6652e-06,,,
L2,NN2,CL,38,2,39,1.7982e-04,4.3928e-04,-2.9656e-04,,,
L2,NN2,CD,38,2,39,3.2463e-05,1.2445e-04,-2.7381e-06,,,
L2,NN2,CDp,38,2,39,3.2728e-05,1.2493e-04,-1.1135e-06,,,
L2,NN2,CDv,38,2,39,6.6860e-07,1.6351e-06,-1.6237e-06,,,
L2,P,CL,38,2,39,4.0412e-05,1.4491e-04,-3.1189e-05,,,
L2,P,CD,38,2,39,6.4675e-06,2.5685e-05,2.5609e-06,,,
L2,P,CDp,38,2,39,6.4616e-06,2.5728e-05,2.5209e-06,,,
L2,P,CDv,38,2,39,2.4462e-08,6.1630e-08,4.1486e-08,,,
L1 - L0,GP2,CL,38,2,39,1.1442e-04,3.1739e-04,-2.9803e-04,3.6732e-05,3.115,3.788
L1 - L0,GP2,CD,38,2,39,2.1276e-05,4.5920e-05,-1.6207e-05,1.5733e-05,1.352,1.282
L1 - L0,GP2,CDp,38,2,39,2.1192e-05,4.5919e-05,-1.5695e-05,1.5724e-05,1.348,1.283
L1 - L0,GP2,CDv,38,2,39,1.4641e-07,5.1870e-07,-5.1870e-07,1.4632e-08,10.006,18.959
L1 - L0,NN2,CL,38,2,39,1.1678e-04,3.1842e-04,-3.0817e-04,3.7430e-05,3.120,3.224
L1 - L0,NN2,CD,38,2,39,2.2311e-05,6.0470e-05,-2.4890e-05,1.5712e-05,1.420,1.620
L1 - L0,NN2,CDp,38,2,39,2.2211e-05,6.0112e-05,-2.4385e-05,1.5701e-05,1.415,1.611
L1 - L0,NN2,CDv,38,2,39,1.4437e-07,5.1227e-07,-5.1227e-07,1.5236e-08,9.476,17.183
L1 - L0,P,CL,38,2,39,1.1347e-05,2.8810e-05,-1.0135e-05,1.0981e-05,1.033,1.135
L1 - L0,P,CD,38,2,39,6.1625e-06,1.4973e-05,-8.6830e-06,5.6426e-06,1.092,1.128
L1 - L0,P,CDp,38,2,39,6.1641e-06,1.4975e-05,-8.6902e-06,5.6424e-06,1.092,1.129
L1 - L0,P,CDv,38,2,39,6.6582e-09,3.1224e-08,6.4279e-09,1.0063e-09,6.617,12.155
L2 - L0,GP2,CL,38,2,39,1.6907e-04,4.3158e-04,-3.3478e-04,3.6732e-05,4.603,5.151
L2 - L0,GP2,CD,38,2,39,2.1311e-05,6.2942e-05,-1.3141e-05,1.5733e-05,1.355,1.757
L2 - L0,GP2,CDp,38,2,39,2.1330e-05,6.3398e-05,-1.1454e-05,1.5724e-05,1.357,1.771
L2 - L0,GP2,CDv,38,2,39,7.0127e-07,1.7055e-06,-1.6907e-06,1.4632e-08,47.926,62.336
L2 - L0,NN2,CL,38,2,39,1.7652e-04,4.6013e-04,-3.6853e-04,3.7430e-05,4.716,4.658
L2 - L0,NN2,CD,38,2,39,2.7857e-05,9.3551e-05,-1.9114e-05,1.5712e-05,1.773,2.506
L2 - L0,NN2,CDp,38,2,39,2.7938e-05,9.4050e-05,-1.7469e-05,1.5701e-05,1.779,2.521
L2 - L0,NN2,CDv,38,2,39,6.8220e-07,1.6602e-06,-1.6485e-06,1.5236e-08,44.776,55.688
L2 - L0,P,CL,38,2,39,4.1632e-05,1.5183e-04,-3.3751e-05,1.0981e-05,3.791,5.983
L2 - L0,P,CD,38,2,39,9.8707e-06,3.0609e-05,-5.9726e-06,5.6426e-06,1.749,2.307
L2 - L0,P,CDp,38,2,39,9.8710e-06,3.0653e-05,-6.0150e-06,5.6424e-06,1.749,2.311
L2 - L0,P,CDv,38,2,39,2.3884e-08,5.9069e-08,4.2230e-08,1.0063e-09,23.735,22.995
